9E|ABE|DTW
9E|ALB|DTW
9E|ALB|MSP
9E|ALO|MSP
9E|ATL|AUS
9E|ATL|BGR
9E|ATL|BHM
9E|ATL|BNA
9E|ATL|BUF
9E|ATL|BWI
9E|ATL|CHS
9E|ATL|CLE
9E|ATL|CLT
9E|ATL|CVG
9E|ATL|DAY
9E|ATL|DCA
9E|ATL|DFW
9E|ATL|EWR
9E|ATL|GSO
9E|ATL|GSP
9E|ATL|HOU
9E|ATL|HSV
9E|ATL|IAD
9E|ATL|IAH
9E|ATL|IND
9E|ATL|JAN
9E|ATL|LEX
9E|ATL|LGA
9E|ATL|LIT
9E|ATL|MCI
9E|ATL|MEM
9E|ATL|MKE
9E|ATL|MOB
9E|ATL|ORD
9E|ATL|ORF
9E|ATL|PHL
9E|ATL|PIT
9E|ATL|PNS
9E|ATL|PWM
9E|ATL|RIC
9E|ATL|ROC
9E|ATL|SAT
9E|ATL|SAV
9E|ATL|SDF
9E|ATL|SRQ
9E|ATL|STL
9E|ATL|STX
9E|ATL|TLH
9E|ATL|TYS
9E|ATL|XNA
9E|ATW|DTW
9E|ATW|MSP
9E|AUS|ATL
9E|AUS|IND
9E|AUS|MEM
9E|AVL|DTW
9E|AVL|MSP
9E|AVP|DTW
9E|AZO|DTW
9E|AZO|MSP
9E|BDL|CVG
9E|BDL|DTW
9E|BDL|IND
9E|BDL|MEM
9E|BGM|DTW
9E|BGR|ATL
9E|BGR|DTW
9E|BGR|MSP
9E|BHM|ATL
9E|BHM|DTW
9E|BHM|MEM
9E|BIL|MSP
9E|BIS|MSP
9E|BJI|MSP
9E|BNA|ATL
9E|BNA|DTW
9E|BNA|MEM
9E|BNA|MSP
9E|BOS|CVG
9E|BOS|IND
9E|BOS|MEM
9E|BTR|MEM
9E|BTV|DTW
9E|BTV|MSP
9E|BUF|ATL
9E|BUF|DTW
9E|BWI|ATL
9E|BWI|MEM
9E|BZN|MSP
9E|CAE|ATL
9E|CAE|DTW
9E|CAE|MEM
9E|CAK|DTW
9E|CHA|DTW
9E|CHA|MEM
9E|CHS|ATL
9E|CHS|DTW
9E|CHS|MEM
9E|CHS|MSP
9E|CID|DTW
9E|CID|MSP
9E|CLE|ATL
9E|CLE|DTW
9E|CLE|MEM
9E|CLE|MSP
9E|CLT|ATL
9E|CLT|DTW
9E|CLT|MEM
9E|CMH|DTW
9E|CMH|MEM
9E|CMH|MSP
9E|CMX|MSP
9E|COS|MEM
9E|CPR|MSP
9E|CRW|DTW
9E|CVG|ATL
9E|CVG|AUS
9E|CVG|BDL
9E|CVG|BNA
9E|CVG|BOS
9E|CVG|CLE
9E|CVG|DCA
9E|CVG|DFW
9E|CVG|DTW
9E|CVG|EWR
9E|CVG|LEX
9E|CVG|LGA
9E|CVG|MCI
9E|CVG|MCO
9E|CVG|MEM
9E|CVG|MIA
9E|CVG|MSP
9E|CVG|ORD
9E|CVG|PHL
9E|CVG|PIT
9E|CVG|SAT
9E|CVG|STL
9E|CVG|TPA
9E|CVG|TYS
9E|CWA|DTW
9E|CWA|MSP
9E|DAY|ATL
9E|DAY|DTW
9E|DAY|MSP
9E|DCA|ATL
9E|DCA|CVG
9E|DCA|DSM
9E|DCA|GRR
9E|DCA|IND
9E|DCA|MSN
9E|DEN|MEM
9E|DFW|CVG
9E|DFW|MEM
9E|DLH|DTW
9E|DLH|MSP
9E|DSM|DCA
9E|DSM|DTW
9E|DSM|LGA
9E|DSM|MEM
9E|DSM|MSP
9E|DTW|ABE
9E|DTW|ALB
9E|DTW|ATW
9E|DTW|AVL
9E|DTW|AVP
9E|DTW|AZO
9E|DTW|BDL
9E|DTW|BGM
9E|DTW|BGR
9E|DTW|BHM
9E|DTW|BNA
9E|DTW|BTV
9E|DTW|BUF
9E|DTW|CAE
9E|DTW|CAK
9E|DTW|CHA
9E|DTW|CHS
9E|DTW|CID
9E|DTW|CLE
9E|DTW|CLT
9E|DTW|CMH
9E|DTW|CRW
9E|DTW|CVG
9E|DTW|CWA
9E|DTW|DAY
9E|DTW|DLH
9E|DTW|DSM
9E|DTW|ELM
9E|DTW|ERI
9E|DTW|EVV
9E|DTW|FNT
9E|DTW|FWA
9E|DTW|GRB
9E|DTW|GRR
9E|DTW|GSO
9E|DTW|GSP
9E|DTW|HPN
9E|DTW|HSV
9E|DTW|IAD
9E|DTW|ICT
9E|DTW|IND
9E|DTW|ITH
9E|DTW|JAN
9E|DTW|LAN
9E|DTW|LEX
9E|DTW|LIT
9E|DTW|LNK
9E|DTW|MBS
9E|DTW|MCI
9E|DTW|MDT
9E|DTW|MEM
9E|DTW|MHT
9E|DTW|MLI
9E|DTW|MSN
9E|DTW|MYR
9E|DTW|OKC
9E|DTW|OMA
9E|DTW|ORF
9E|DTW|PHL
9E|DTW|PIA
9E|DTW|PIT
9E|DTW|PLN
9E|DTW|PWM
9E|DTW|RIC
9E|DTW|ROA
9E|DTW|ROC
9E|DTW|RST
9E|DTW|SAV
9E|DTW|SBN
9E|DTW|SCE
9E|DTW|SDF
9E|DTW|SGF
9E|DTW|SHV
9E|DTW|STL
9E|DTW|SWF
9E|DTW|SYR
9E|DTW|TUL
9E|DTW|TVC
9E|DTW|TYS
9E|DTW|XNA
9E|ELM|DTW
9E|ERI|DTW
9E|EVV|DTW
9E|EVV|MEM
9E|EWR|ATL
9E|EWR|CVG
9E|FAR|MSP
9E|FCA|MSP
9E|FLL|IND
9E|FNT|DTW
9E|FNT|LGA
9E|FNT|MSP
9E|FSD|MSP
9E|FSM|MEM
9E|FWA|DTW
9E|FWA|MSP
9E|GFK|MSP
9E|GPT|MEM
9E|GRB|DTW
9E|GRB|MSP
9E|GRR|DCA
9E|GRR|DTW
9E|GRR|LGA
9E|GRR|MEM
9E|GRR|MSP
9E|GSO|ATL
9E|GSO|DTW
9E|GSO|MEM
9E|GSO|MSP
9E|GSP|ATL
9E|GSP|DTW
9E|GSP|MEM
9E|GTF|MSP
9E|HLN|MSP
9E|HOU|ATL
9E|HPN|DTW
9E|HSV|ATL
9E|HSV|BHM
9E|HSV|DTW
9E|HSV|MEM
9E|IAD|ATL
9E|IAD|DTW
9E|IAD|MSP
9E|IAH|ATL
9E|IAH|HOU
9E|IAH|MEM
9E|IAH|TYS
9E|ICT|DTW
9E|ICT|MEM
9E|ICT|MSP
9E|IDA|MSP
9E|IND|ATL
9E|IND|AUS
9E|IND|BDL
9E|IND|BOS
9E|IND|DCA
9E|IND|DTW
9E|IND|FLL
9E|IND|LGA
9E|IND|MCI
9E|IND|MEM
9E|IND|MSP
9E|IND|PHL
9E|IND|RDU
9E|IND|RSW
9E|IND|SAT
9E|INL|MSP
9E|ITH|DTW
9E|JAN|ATL
9E|JAN|DTW
9E|JAN|MEM
9E|JAX|MEM
9E|JAX|MSP
9E|JAX|PIR
9E|LAN|DTW
9E|LEX|ATL
9E|LEX|CVG
9E|LEX|DTW
9E|LEX|MEM
9E|LGA|ATL
9E|LGA|CVG
9E|LGA|DSM
9E|LGA|FNT
9E|LGA|GRR
9E|LGA|IND
9E|LGA|MSN
9E|LIT|ATL
9E|LIT|DTW
9E|LIT|MEM
9E|LIT|MSP
9E|LNK|DTW
9E|LNK|MSP
9E|LSE|MSP
9E|MBS|DTW
9E|MCI|ATL
9E|MCI|CVG
9E|MCI|DTW
9E|MCI|IND
9E|MCI|MEM
9E|MCI|MSP
9E|MCO|CVG
9E|MDT|DTW
9E|MDT|MSP
9E|MDW|DTW
9E|MEM|ATL
9E|MEM|AUS
9E|MEM|BDL
9E|MEM|BHM
9E|MEM|BNA
9E|MEM|BOS
9E|MEM|BTR
9E|MEM|BWI
9E|MEM|CAE
9E|MEM|CHA
9E|MEM|CHS
9E|MEM|CLE
9E|MEM|CLT
9E|MEM|CMH
9E|MEM|COS
9E|MEM|CVG
9E|MEM|DEN
9E|MEM|DFW
9E|MEM|DSM
9E|MEM|DTW
9E|MEM|EVV
9E|MEM|FSM
9E|MEM|GPT
9E|MEM|GRR
9E|MEM|GSO
9E|MEM|GSP
9E|MEM|HSV
9E|MEM|IAH
9E|MEM|ICT
9E|MEM|IND
9E|MEM|JAN
9E|MEM|JAX
9E|MEM|LEX
9E|MEM|LIT
9E|MEM|MCI
9E|MEM|MGM
9E|MEM|MLI
9E|MEM|MOB
9E|MEM|MSN
9E|MEM|MSP
9E|MEM|OKC
9E|MEM|OMA
9E|MEM|ORF
9E|MEM|PFN
9E|MEM|PHL
9E|MEM|PIT
9E|MEM|PNS
9E|MEM|RDU
9E|MEM|RIC
9E|MEM|RSW
9E|MEM|SAV
9E|MEM|SDF
9E|MEM|SGF
9E|MEM|SHV
9E|MEM|STL
9E|MEM|TLH
9E|MEM|TRI
9E|MEM|TUL
9E|MEM|TYS
9E|MEM|XNA
9E|MGM|MEM
9E|MHT|DTW
9E|MIA|CVG
9E|MKE|ATL
9E|MLI|DTW
9E|MLI|MEM
9E|MLI|MSP
9E|MOB|ATL
9E|MOB|MEM
9E|MSN|DCA
9E|MSN|DTW
9E|MSN|LGA
9E|MSN|MEM
9E|MSN|MSP
9E|MSP|ALB
9E|MSP|ALO
9E|MSP|ATL
9E|MSP|ATW
9E|MSP|AVL
9E|MSP|AZO
9E|MSP|BGR
9E|MSP|BIL
9E|MSP|BIS
9E|MSP|BJI
9E|MSP|BNA
9E|MSP|BTV
9E|MSP|BZN
9E|MSP|CHS
9E|MSP|CID
9E|MSP|CLE
9E|MSP|CMH
9E|MSP|CMX
9E|MSP|CPR
9E|MSP|CVG
9E|MSP|CWA
9E|MSP|DAY
9E|MSP|DLH
9E|MSP|DSM
9E|MSP|DTW
9E|MSP|FAR
9E|MSP|FCA
9E|MSP|FNT
9E|MSP|FSD
9E|MSP|FWA
9E|MSP|GFK
9E|MSP|GRB
9E|MSP|GRR
9E|MSP|GSO
9E|MSP|GTF
9E|MSP|HLN
9E|MSP|IAD
9E|MSP|ICT
9E|MSP|IDA
9E|MSP|IND
9E|MSP|INL
9E|MSP|JAX
9E|MSP|LAN
9E|MSP|LIT
9E|MSP|LNK
9E|MSP|LSE
9E|MSP|MBS
9E|MSP|MCI
9E|MSP|MDT
9E|MSP|MLI
9E|MSP|MSN
9E|MSP|MYR
9E|MSP|OKC
9E|MSP|OMA
9E|MSP|ORF
9E|MSP|PHL
9E|MSP|PIR
9E|MSP|PIT
9E|MSP|PWM
9E|MSP|RAP
9E|MSP|RHI
9E|MSP|RIC
9E|MSP|ROC
9E|MSP|RST
9E|MSP|SAV
9E|MSP|SBN
9E|MSP|SDF
9E|MSP|SGF
9E|MSP|SLC
9E|MSP|STL
9E|MSP|SUX
9E|MSP|TUL
9E|MSP|TVC
9E|MSP|TYS
9E|MSP|XNA
9E|MSY|LGA
9E|MYR|DTW
9E|MYR|MSP
9E|OKC|DTW
9E|OKC|MEM
9E|OKC|MSP
9E|OMA|DTW
9E|OMA|MEM
9E|OMA|MSP
9E|ORD|ATL
9E|ORD|CVG
9E|ORF|ATL
9E|ORF|DTW
9E|ORF|MEM
9E|ORF|MSP
9E|PFN|ATL
9E|PFN|MEM
9E|PHL|CVG
9E|PHL|DTW
9E|PHL|IND
9E|PHL|MEM
9E|PIA|DTW
9E|PIR|JAX
9E|PIR|MSP
9E|PIT|ATL
9E|PIT|DTW
9E|PIT|MEM
9E|PIT|MSP
9E|PLN|DTW
9E|PNS|ATL
9E|PNS|MEM
9E|PWM|ATL
9E|PWM|DTW
9E|PWM|MSP
9E|RAP|MSP
9E|RDU|IND
9E|RDU|MEM
9E|RHI|MSP
9E|RIC|ATL
9E|RIC|DTW
9E|RIC|MEM
9E|RIC|MSP
9E|ROA|DTW
9E|ROC|ATL
9E|ROC|DTW
9E|ROC|MSP
9E|RST|DTW
9E|RST|MSP
9E|RSW|IND
9E|RSW|MEM
9E|SAT|ATL
9E|SAT|CVG
9E|SAT|IND
9E|SAV|ATL
9E|SAV|DTW
9E|SAV|MEM
9E|SAV|MSP
9E|SBN|DTW
9E|SBN|MSP
9E|SCE|DTW
9E|SDF|ATL
9E|SDF|DTW
9E|SDF|MEM
9E|SDF|MSP
9E|SGF|DTW
9E|SGF|MEM
9E|SGF|MSP
9E|SHV|DTW
9E|SHV|MEM
9E|SLC|MSP
9E|SRQ|ATL
9E|STL|ATL
9E|STL|CVG
9E|STL|DTW
9E|STL|MEM
9E|STL|MSP
9E|STX|ATL
9E|STX|JAX
9E|STX|MGM
9E|SUX|MSP
9E|SWF|DTW
9E|SYR|DTW
9E|TLH|ATL
9E|TLH|MEM
9E|TPA|CVG
9E|TRI|MEM
9E|TUL|DTW
9E|TUL|MEM
9E|TUL|MSP
9E|TVC|DTW
9E|TVC|MSP
9E|TYS|ATL
9E|TYS|CVG
9E|TYS|DTW
9E|TYS|MEM
9E|TYS|MSP
9E|XNA|ATL
9E|XNA|DTW
9E|XNA|MEM
9E|XNA|MSP
AA|ABQ|DFW
AA|ABQ|ORD
AA|ANC|DFW
AA|ATL|DFW
AA|ATL|LGA
AA|ATL|MIA
AA|ATL|ORD
AA|AUS|DFW
AA|AUS|LAX
AA|AUS|ORD
AA|AUS|RDU
AA|AUS|SEA
AA|AUS|SJC
AA|AUS|SNA
AA|AUS|STL
AA|BDL|DFW
AA|BDL|MIA
AA|BDL|SJU
AA|BHM|DFW
AA|BNA|DFW
AA|BNA|IAD
AA|BNA|LAX
AA|BNA|LGA
AA|BNA|MIA
AA|BNA|ORD
AA|BOS|DFW
AA|BOS|LAX
AA|BOS|MIA
AA|BOS|ORD
AA|BOS|SAN
AA|BOS|SFO
AA|BOS|SJU
AA|BOS|STL
AA|BOS|STT
AA|BUR|DFW
AA|BWI|BDL
AA|BWI|DFW
AA|BWI|MIA
AA|BWI|SJU
AA|CLT|DFW
AA|CMH|DFW
AA|COS|DFW
AA|DAY|DFW
AA|DCA|DFW
AA|DCA|MIA
AA|DCA|ORD
AA|DCA|STL
AA|DEN|COS
AA|DEN|DFW
AA|DEN|LAX
AA|DEN|MIA
AA|DEN|ORD
AA|DFW|ABQ
AA|DFW|ANC
AA|DFW|ATL
AA|DFW|AUS
AA|DFW|BDL
AA|DFW|BHM
AA|DFW|BNA
AA|DFW|BOS
AA|DFW|BUR
AA|DFW|BWI
AA|DFW|CLT
AA|DFW|CMH
AA|DFW|COS
AA|DFW|DAY
AA|DFW|DCA
AA|DFW|DEN
AA|DFW|DTW
AA|DFW|EGE
AA|DFW|ELP
AA|DFW|EWR
AA|DFW|FAT
AA|DFW|FLL
AA|DFW|GSO
AA|DFW|GUC
AA|DFW|HDN
AA|DFW|HNL
AA|DFW|HSV
AA|DFW|IAD
AA|DFW|IAH
AA|DFW|ICT
AA|DFW|IND
AA|DFW|JAC
AA|DFW|JAX
AA|DFW|JFK
AA|DFW|LAS
AA|DFW|LAX
AA|DFW|LGA
AA|DFW|MCI
AA|DFW|MCO
AA|DFW|MEM
AA|DFW|MFE
AA|DFW|MIA
AA|DFW|MSP
AA|DFW|MSY
AA|DFW|MTJ
AA|DFW|OAK
AA|DFW|OGG
AA|DFW|OKC
AA|DFW|OMA
AA|DFW|ONT
AA|DFW|ORD
AA|DFW|ORF
AA|DFW|PBI
AA|DFW|PDX
AA|DFW|PHL
AA|DFW|PHX
AA|DFW|PSP
AA|DFW|RDU
AA|DFW|RIC
AA|DFW|RNO
AA|DFW|RSW
AA|DFW|SAN
AA|DFW|SAT
AA|DFW|SDF
AA|DFW|SEA
AA|DFW|SFO
AA|DFW|SJC
AA|DFW|SJU
AA|DFW|SLC
AA|DFW|SMF
AA|DFW|SNA
AA|DFW|STL
AA|DFW|TPA
AA|DFW|TUL
AA|DFW|TUS
AA|DFW|XNA
AA|DTW|DFW
AA|DTW|MIA
AA|DTW|ORD
AA|EGE|DFW
AA|EGE|EWR
AA|EGE|JFK
AA|EGE|LAX
AA|EGE|LGA
AA|EGE|MIA
AA|EGE|ORD
AA|ELP|DFW
AA|ELP|ORD
AA|EWR|DFW
AA|EWR|EGE
AA|EWR|LAX
AA|EWR|MIA
AA|EWR|ORD
AA|EWR|SJU
AA|FAT|DFW
AA|FLL|DFW
AA|FLL|LAX
AA|FLL|LGA
AA|FLL|ORD
AA|FLL|SJU
AA|FLL|STL
AA|GSO|DFW
AA|GUC|DFW
AA|HDN|DFW
AA|HDN|ORD
AA|HNL|DFW
AA|HNL|LAX
AA|HNL|ORD
AA|HNL|SFO
AA|HSV|DFW
AA|IAD|DFW
AA|IAD|LAX
AA|IAD|MIA
AA|IAD|SJU
AA|IAH|DFW
AA|IAH|MIA
AA|IAH|ORD
AA|ICT|DFW
AA|IND|DFW
AA|IND|ORD
AA|JAC|DFW
AA|JAC|ORD
AA|JAX|DFW
AA|JFK|DFW
AA|JFK|EGE
AA|JFK|LAS
AA|JFK|LAX
AA|JFK|MCO
AA|JFK|MIA
AA|JFK|ORD
AA|JFK|SAN
AA|JFK|SEA
AA|JFK|SFO
AA|JFK|SJU
AA|JFK|STT
AA|JFK|TPA
AA|KOA|LAX
AA|LAS|DFW
AA|LAS|JFK
AA|LAS|LAX
AA|LAS|MIA
AA|LAS|ORD
AA|LAS|STL
AA|LAX|AUS
AA|LAX|BNA
AA|LAX|BOS
AA|LAX|DEN
AA|LAX|DFW
AA|LAX|EGE
AA|LAX|EWR
AA|LAX|FLL
AA|LAX|HNL
AA|LAX|IAD
AA|LAX|JFK
AA|LAX|KOA
AA|LAX|LAS
AA|LAX|LIH
AA|LAX|MCO
AA|LAX|MIA
AA|LAX|OGG
AA|LAX|ORD
AA|LAX|SAT
AA|LAX|SFO
AA|LAX|SJU
AA|LAX|STL
AA|LGA|ATL
AA|LGA|BNA
AA|LGA|DFW
AA|LGA|EGE
AA|LGA|FLL
AA|LGA|MCO
AA|LGA|MIA
AA|LGA|MSP
AA|LGA|MSY
AA|LGA|ORD
AA|LGA|PBI
AA|LGA|RDU
AA|LGA|STL
AA|LGA|TPA
AA|LIH|LAX
AA|MCI|DFW
AA|MCI|ORD
AA|MCO|DFW
AA|MCO|JFK
AA|MCO|LAX
AA|MCO|LGA
AA|MCO|MIA
AA|MCO|ORD
AA|MCO|SJU
AA|MCO|STL
AA|MEM|DFW
AA|MFE|DFW
AA|MIA|ATL
AA|MIA|BDL
AA|MIA|BNA
AA|MIA|BOS
AA|MIA|BWI
AA|MIA|DCA
AA|MIA|DEN
AA|MIA|DFW
AA|MIA|DTW
AA|MIA|EGE
AA|MIA|EWR
AA|MIA|IAD
AA|MIA|IAH
AA|MIA|JFK
AA|MIA|LAS
AA|MIA|LAX
AA|MIA|LGA
AA|MIA|MCO
AA|MIA|MSP
AA|MIA|MSY
AA|MIA|ORD
AA|MIA|PHL
AA|MIA|PHX
AA|MIA|RDU
AA|MIA|SFO
AA|MIA|SJU
AA|MIA|STL
AA|MIA|STT
AA|MIA|STX
AA|MIA|TPA
AA|MIA|XNA
AA|MSP|DFW
AA|MSP|LGA
AA|MSP|MIA
AA|MSP|ORD
AA|MSY|DFW
AA|MSY|LGA
AA|MSY|MIA
AA|MSY|ORD
AA|MTJ|DFW
AA|MTJ|ORD
AA|OAK|DFW
AA|OGG|DFW
AA|OGG|LAX
AA|OKC|DFW
AA|OMA|DFW
AA|ONT|DFW
AA|ORD|ABQ
AA|ORD|ATL
AA|ORD|AUS
AA|ORD|BNA
AA|ORD|BOS
AA|ORD|DCA
AA|ORD|DEN
AA|ORD|DFW
AA|ORD|DTW
AA|ORD|EGE
AA|ORD|ELP
AA|ORD|EWR
AA|ORD|FLL
AA|ORD|GUC
AA|ORD|HDN
AA|ORD|HNL
AA|ORD|IAH
AA|ORD|IND
AA|ORD|JAC
AA|ORD|JFK
AA|ORD|LAS
AA|ORD|LAX
AA|ORD|LGA
AA|ORD|MCI
AA|ORD|MCO
AA|ORD|MIA
AA|ORD|MSP
AA|ORD|MSY
AA|ORD|MTJ
AA|ORD|PBI
AA|ORD|PDX
AA|ORD|PHL
AA|ORD|PHX
AA|ORD|PSP
AA|ORD|RDU
AA|ORD|RNO
AA|ORD|RSW
AA|ORD|SAN
AA|ORD|SAT
AA|ORD|SEA
AA|ORD|SFO
AA|ORD|SJC
AA|ORD|SJU
AA|ORD|SLC
AA|ORD|SNA
AA|ORD|STL
AA|ORD|TPA
AA|ORD|TUL
AA|ORD|TUS
AA|ORF|DFW
AA|PBI|DFW
AA|PBI|LGA
AA|PBI|ORD
AA|PDX|DFW
AA|PDX|MSN
AA|PDX|ORD
AA|PHL|DFW
AA|PHL|ICT
AA|PHL|MIA
AA|PHL|ORD
AA|PHL|SJU
AA|PHX|DFW
AA|PHX|MIA
AA|PHX|ORD
AA|PSP|DFW
AA|PSP|ORD
AA|RDU|AUS
AA|RDU|DFW
AA|RDU|LGA
AA|RDU|MIA
AA|RDU|ORD
AA|RDU|STL
AA|RIC|DFW
AA|RNO|DFW
AA|RNO|ORD
AA|RSW|DFW
AA|RSW|ORD
AA|RSW|STL
AA|SAN|BOS
AA|SAN|DFW
AA|SAN|JFK
AA|SAN|ORD
AA|SAN|STL
AA|SAT|DFW
AA|SAT|LAX
AA|SAT|ORD
AA|SAT|STL
AA|SDF|DFW
AA|SEA|AUS
AA|SEA|DFW
AA|SEA|JFK
AA|SEA|ORD
AA|SEA|STL
AA|SFO|BOS
AA|SFO|DFW
AA|SFO|HNL
AA|SFO|JFK
AA|SFO|LAX
AA|SFO|MIA
AA|SFO|ORD
AA|SFO|STL
AA|SJC|AUS
AA|SJC|DFW
AA|SJC|ORD
AA|SJC|SNA
AA|SJU|BDL
AA|SJU|BOS
AA|SJU|BWI
AA|SJU|DFW
AA|SJU|EWR
AA|SJU|FLL
AA|SJU|IAD
AA|SJU|JFK
AA|SJU|LAX
AA|SJU|MCO
AA|SJU|MIA
AA|SJU|ORD
AA|SJU|PHL
AA|SJU|STT
AA|SJU|TPA
AA|SLC|DFW
AA|SLC|ORD
AA|SMF|DFW
AA|SNA|AUS
AA|SNA|DFW
AA|SNA|ORD
AA|SNA|SJC
AA|SNA|STL
AA|STL|AUS
AA|STL|BOS
AA|STL|DCA
AA|STL|DFW
AA|STL|FLL
AA|STL|LAS
AA|STL|LAX
AA|STL|LGA
AA|STL|MCO
AA|STL|MIA
AA|STL|ORD
AA|STL|RDU
AA|STL|RSW
AA|STL|SAN
AA|STL|SAT
AA|STL|SEA
AA|STL|SFO
AA|STL|SNA
AA|STL|TPA
AA|STT|BOS
AA|STT|JFK
AA|STT|MIA
AA|STT|SJU
AA|STX|MIA
AA|TPA|DFW
AA|TPA|JFK
AA|TPA|LGA
AA|TPA|MIA
AA|TPA|ORD
AA|TPA|SJU
AA|TPA|STL
AA|TUL|DFW
AA|TUL|ORD
AA|TUS|DFW
AA|TUS|ORD
AA|XNA|DFW
AA|XNA|MIA
AA|XNA|ORD
AQ|HNL|ITO
AQ|HNL|KOA
AQ|HNL|LIH
AQ|HNL|OAK
AQ|HNL|OGG
AQ|HNL|SNA
AQ|ITO|HNL
AQ|KOA|HNL
AQ|KOA|LIH
AQ|KOA|OAK
AQ|KOA|OGG
AQ|KOA|SAN
AQ|KOA|SNA
AQ|LAS|OAK
AQ|LIH|HNL
AQ|LIH|KOA
AQ|LIH|OGG
AQ|LIH|SAN
AQ|LIH|SNA
AQ|OAK|HNL
AQ|OAK|KOA
AQ|OAK|LAS
AQ|OAK|OGG
AQ|OGG|HNL
AQ|OGG|KOA
AQ|OGG|LIH
AQ|OGG|OAK
AQ|OGG|SAN
AQ|OGG|SMF
AQ|OGG|SNA
AQ|RNO|SNA
AQ|SAN|KOA
AQ|SAN|LIH
AQ|SAN|OGG
AQ|SMF|OGG
AQ|SMF|SNA
AQ|SNA|HNL
AQ|SNA|KOA
AQ|SNA|LIH
AQ|SNA|OGG
AQ|SNA|RNO
AQ|SNA|SAN
AQ|SNA|SMF
AS|ADK|ANC
AS|ADQ|ANC
AS|AKN|ANC
AS|AKN|DLG
AS|ANC|ADK
AS|ANC|ADQ
AS|ANC|AKN
AS|ANC|BET
AS|ANC|CDV
AS|ANC|DEN
AS|ANC|DLG
AS|ANC|FAI
AS|ANC|HNL
AS|ANC|JNU
AS|ANC|LAX
AS|ANC|OGG
AS|ANC|OME
AS|ANC|ORD
AS|ANC|OTZ
AS|ANC|PDX
AS|ANC|SCC
AS|ANC|SEA
AS|ANC|SFO
AS|BET|ANC
AS|BOI|SEA
AS|BOS|PDX
AS|BOS|SEA
AS|BRW|ANC
AS|BRW|FAI
AS|BUR|PDX
AS|BUR|SEA
AS|CDV|ANC
AS|CDV|YAK
AS|DCA|LAX
AS|DCA|SEA
AS|DEN|ANC
AS|DEN|PDX
AS|DEN|SEA
AS|DFW|SEA
AS|DLG|ANC
AS|EWR|SEA
AS|FAI|ANC
AS|FAI|BRW
AS|FAI|SCC
AS|FAI|SEA
AS|GEG|SEA
AS|GST|JNU
AS|HNL|ANC
AS|HNL|SEA
AS|JNU|ANC
AS|JNU|GST
AS|JNU|KTN
AS|JNU|PSG
AS|JNU|SEA
AS|JNU|SIT
AS|JNU|YAK
AS|KOA|SEA
AS|KTN|JNU
AS|KTN|SEA
AS|KTN|SIT
AS|KTN|WRG
AS|LAS|PDX
AS|LAS|SEA
AS|LAX|ANC
AS|LAX|DCA
AS|LAX|PDX
AS|LAX|SEA
AS|LAX|SFO
AS|LGB|SEA
AS|LIH|SEA
AS|MCO|PDX
AS|MCO|SEA
AS|MIA|SEA
AS|MSP|SEA
AS|OAK|PDX
AS|OAK|SEA
AS|OAK|SNA
AS|OGG|ANC
AS|OGG|SEA
AS|OME|ANC
AS|OME|OTZ
AS|ONT|PDX
AS|ONT|SEA
AS|ORD|ANC
AS|ORD|SEA
AS|OTZ|ANC
AS|OTZ|OME
AS|PDX|ANC
AS|PDX|BOS
AS|PDX|BUR
AS|PDX|DEN
AS|PDX|LAS
AS|PDX|LAX
AS|PDX|MCO
AS|PDX|OAK
AS|PDX|ONT
AS|PDX|PHX
AS|PDX|PSP
AS|PDX|SAN
AS|PDX|SFO
AS|PDX|SJC
AS|PDX|SMF
AS|PDX|SNA
AS|PHX|PDX
AS|PHX|SEA
AS|PSG|JNU
AS|PSG|WRG
AS|PSP|PDX
AS|PSP|SEA
AS|PSP|SFO
AS|RNO|SEA
AS|SAN|PDX
AS|SAN|SEA
AS|SCC|ANC
AS|SCC|BRW
AS|SEA|ANC
AS|SEA|BOI
AS|SEA|BOS
AS|SEA|BUR
AS|SEA|DCA
AS|SEA|DEN
AS|SEA|DFW
AS|SEA|EWR
AS|SEA|FAI
AS|SEA|GEG
AS|SEA|HNL
AS|SEA|JNU
AS|SEA|KOA
AS|SEA|KTN
AS|SEA|LAS
AS|SEA|LAX
AS|SEA|LGB
AS|SEA|LIH
AS|SEA|MCO
AS|SEA|MIA
AS|SEA|MSP
AS|SEA|OAK
AS|SEA|OGG
AS|SEA|ONT
AS|SEA|ORD
AS|SEA|PHX
AS|SEA|PSP
AS|SEA|RNO
AS|SEA|SAN
AS|SEA|SFO
AS|SEA|SIT
AS|SEA|SJC
AS|SEA|SMF
AS|SEA|SNA
AS|SEA|TUS
AS|SFO|ANC
AS|SFO|LAX
AS|SFO|PDX
AS|SFO|PSP
AS|SFO|SEA
AS|SIT|JNU
AS|SIT|KTN
AS|SIT|SEA
AS|SJC|PDX
AS|SJC|SEA
AS|SMF|PDX
AS|SMF|SEA
AS|SNA|OAK
AS|SNA|PDX
AS|SNA|SEA
AS|TUS|SEA
AS|WRG|KTN
AS|WRG|PSG
AS|YAK|CDV
AS|YAK|JNU
B6|ACK|JFK
B6|AUS|BOS
B6|AUS|FLL
B6|AUS|JFK
B6|AUS|LGB
B6|AUS|MCO
B6|AUS|SFO
B6|BNA|JFK
B6|BOS|AUS
B6|BOS|BUF
B6|BOS|CLT
B6|BOS|CMH
B6|BOS|DEN
B6|BOS|FLL
B6|BOS|IAD
B6|BOS|JAX
B6|BOS|JFK
B6|BOS|LAS
B6|BOS|LGB
B6|BOS|MCO
B6|BOS|MSY
B6|BOS|OAK
B6|BOS|ORD
B6|BOS|PBI
B6|BOS|PIT
B6|BOS|RDU
B6|BOS|RIC
B6|BOS|RSW
B6|BOS|SAN
B6|BOS|SEA
B6|BOS|SFO
B6|BOS|SJC
B6|BOS|SJU
B6|BOS|TPA
B6|BQN|JFK
B6|BQN|MCO
B6|BTV|JFK
B6|BTV|MCO
B6|BUF|BOS
B6|BUF|FLL
B6|BUF|JFK
B6|BUF|MCO
B6|BUF|RSW
B6|BUR|IAD
B6|BUR|JFK
B6|BUR|LAS
B6|BUR|SLC
B6|CLT|BOS
B6|CLT|FLL
B6|CLT|JFK
B6|CMH|BOS
B6|CMH|JFK
B6|DEN|BOS
B6|DEN|JFK
B6|DEN|ROC
B6|EWR|FLL
B6|EWR|MCO
B6|EWR|PBI
B6|EWR|RSW
B6|EWR|TPA
B6|FLL|AUS
B6|FLL|BOS
B6|FLL|BUF
B6|FLL|CLT
B6|FLL|EWR
B6|FLL|HPN
B6|FLL|IAD
B6|FLL|JFK
B6|FLL|LGA
B6|FLL|LGB
B6|FLL|OAK
B6|FLL|PSE
B6|FLL|RDU
B6|FLL|RIC
B6|FLL|SJU
B6|FLL|SWF
B6|FLL|SYR
B6|HOU|JFK
B6|HPN|FLL
B6|HPN|MCO
B6|HPN|PBI
B6|HPN|RSW
B6|HPN|TPA
B6|IAD|BOS
B6|IAD|BUR
B6|IAD|FLL
B6|IAD|JFK
B6|IAD|LAS
B6|IAD|LGB
B6|IAD|MCO
B6|IAD|OAK
B6|IAD|PBI
B6|IAD|RSW
B6|IAD|SAN
B6|IAD|SJU
B6|JAX|BOS
B6|JAX|JFK
B6|JFK|ACK
B6|JFK|AUS
B6|JFK|BNA
B6|JFK|BOS
B6|JFK|BQN
B6|JFK|BTV
B6|JFK|BUF
B6|JFK|BUR
B6|JFK|CLT
B6|JFK|CMH
B6|JFK|DEN
B6|JFK|FLL
B6|JFK|HOU
B6|JFK|HPN
B6|JFK|IAD
B6|JFK|JAX
B6|JFK|LAS
B6|JFK|LGB
B6|JFK|MCO
B6|JFK|MSY
B6|JFK|OAK
B6|JFK|ONT
B6|JFK|ORD
B6|JFK|PBI
B6|JFK|PDX
B6|JFK|PHX
B6|JFK|PIT
B6|JFK|PSE
B6|JFK|PWM
B6|JFK|RDU
B6|JFK|RIC
B6|JFK|ROC
B6|JFK|RSW
B6|JFK|SAN
B6|JFK|SEA
B6|JFK|SFO
B6|JFK|SJC
B6|JFK|SJU
B6|JFK|SLC
B6|JFK|SMF
B6|JFK|SRQ
B6|JFK|SYR
B6|JFK|TPA
B6|JFK|TUS
B6|LAS|BOS
B6|LAS|BUR
B6|LAS|IAD
B6|LAS|JFK
B6|LAS|LGB
B6|LAS|SLC
B6|LGA|FLL
B6|LGA|MCO
B6|LGA|PBI
B6|LGB|AUS
B6|LGB|BOS
B6|LGB|FLL
B6|LGB|IAD
B6|LGB|JFK
B6|LGB|LAS
B6|LGB|OAK
B6|LGB|ORD
B6|LGB|PDX
B6|LGB|SEA
B6|LGB|SFO
B6|LGB|SJC
B6|LGB|SLC
B6|LGB|SMF
B6|MCO|AUS
B6|MCO|BOS
B6|MCO|BQN
B6|MCO|BTV
B6|MCO|BUF
B6|MCO|EWR
B6|MCO|HPN
B6|MCO|IAD
B6|MCO|JFK
B6|MCO|LGA
B6|MCO|PSE
B6|MCO|PWM
B6|MCO|RIC
B6|MCO|ROC
B6|MCO|SJU
B6|MCO|SWF
B6|MCO|SYR
B6|MSY|BOS
B6|MSY|JFK
B6|OAK|BOS
B6|OAK|FLL
B6|OAK|IAD
B6|OAK|JFK
B6|OAK|LGB
B6|ONT|JFK
B6|ORD|BOS
B6|ORD|JFK
B6|ORD|LGB
B6|PBI|BOS
B6|PBI|EWR
B6|PBI|HPN
B6|PBI|IAD
B6|PBI|JFK
B6|PBI|LGA
B6|PBI|SWF
B6|PDX|JFK
B6|PDX|LGB
B6|PHX|JFK
B6|PIT|BOS
B6|PIT|JFK
B6|PSE|FLL
B6|PSE|JFK
B6|PSE|MCO
B6|PWM|JFK
B6|PWM|MCO
B6|RDU|BOS
B6|RDU|FLL
B6|RDU|JFK
B6|RIC|BOS
B6|RIC|FLL
B6|RIC|JFK
B6|RIC|MCO
B6|ROC|BOS
B6|ROC|JFK
B6|ROC|MCO
B6|RSW|BOS
B6|RSW|BUF
B6|RSW|EWR
B6|RSW|HPN
B6|RSW|IAD
B6|RSW|JFK
B6|SAN|BOS
B6|SAN|IAD
B6|SAN|JFK
B6|SAN|SEA
B6|SAN|SLC
B6|SEA|BOS
B6|SEA|JFK
B6|SEA|LGB
B6|SEA|SAN
B6|SFO|AUS
B6|SFO|BOS
B6|SFO|JFK
B6|SFO|LGB
B6|SFO|SLC
B6|SJC|BOS
B6|SJC|JFK
B6|SJC|LGB
B6|SJU|BOS
B6|SJU|FLL
B6|SJU|IAD
B6|SJU|JFK
B6|SJU|MCO
B6|SLC|BUR
B6|SLC|JFK
B6|SLC|LAS
B6|SLC|LGB
B6|SLC|SAN
B6|SLC|SFO
B6|SMF|JFK
B6|SMF|LGB
B6|SRQ|JFK
B6|SWF|FLL
B6|SWF|MCO
B6|SWF|PBI
B6|SYR|FLL
B6|SYR|JFK
B6|SYR|MCO
B6|TPA|BOS
B6|TPA|EWR
B6|TPA|HPN
B6|TPA|JFK
B6|TUS|JFK
CO|ABQ|EWR
CO|ABQ|IAH
CO|ANC|IAH
CO|ANC|SEA
CO|ATL|EWR
CO|ATL|IAH
CO|AUS|EWR
CO|AUS|IAH
CO|BDL|CLE
CO|BDL|EWR
CO|BDL|IAH
CO|BHM|IAH
CO|BOS|CLE
CO|BOS|EWR
CO|BOS|IAH
CO|BQN|EWR
CO|BTR|IAH
CO|BUF|EWR
CO|BWI|CLE
CO|BWI|IAH
CO|CHS|EWR
CO|CHS|IAH
CO|CLE|BDL
CO|CLE|BOS
CO|CLE|BWI
CO|CLE|CMH
CO|CLE|DCA
CO|CLE|DEN
CO|CLE|EWR
CO|CLE|FLL
CO|CLE|IAH
CO|CLE|LAS
CO|CLE|LAX
CO|CLE|LGA
CO|CLE|MCO
CO|CLE|MIA
CO|CLE|PBI
CO|CLE|PHL
CO|CLE|PHX
CO|CLE|RSW
CO|CLE|SAN
CO|CLE|SEA
CO|CLE|SFO
CO|CLE|SJU
CO|CLE|TPA
CO|CLT|EWR
CO|CLT|IAH
CO|CMH|EWR
CO|CMH|IAH
CO|DAB|EWR
CO|DCA|EWR
CO|DCA|IAH
CO|DEN|CLE
CO|DEN|EWR
CO|DEN|IAH
CO|DFW|EWR
CO|DFW|IAH
CO|DTW|EWR
CO|DTW|IAH
CO|EGE|EWR
CO|EGE|IAH
CO|ELP|IAH
CO|EWR|ABQ
CO|EWR|ATL
CO|EWR|AUS
CO|EWR|BDL
CO|EWR|BOS
CO|EWR|BQN
CO|EWR|BUF
CO|EWR|CHS
CO|EWR|CLE
CO|EWR|CLT
CO|EWR|CMH
CO|EWR|DAB
CO|EWR|DCA
CO|EWR|DEN
CO|EWR|DFW
CO|EWR|DTW
CO|EWR|EGE
CO|EWR|FLL
CO|EWR|GSO
CO|EWR|HDN
CO|EWR|HNL
CO|EWR|IAH
CO|EWR|IND
CO|EWR|JAX
CO|EWR|LAS
CO|EWR|LAX
CO|EWR|MCI
CO|EWR|MCO
CO|EWR|MDW
CO|EWR|MIA
CO|EWR|MSP
CO|EWR|MSY
CO|EWR|MTJ
CO|EWR|MYR
CO|EWR|OMA
CO|EWR|ORD
CO|EWR|PBI
CO|EWR|PDX
CO|EWR|PHX
CO|EWR|PSE
CO|EWR|PVD
CO|EWR|RDU
CO|EWR|RSW
CO|EWR|SAN
CO|EWR|SAT
CO|EWR|SAV
CO|EWR|SDF
CO|EWR|SEA
CO|EWR|SFO
CO|EWR|SJC
CO|EWR|SJU
CO|EWR|SLC
CO|EWR|SNA
CO|EWR|SRQ
CO|EWR|STT
CO|EWR|TPA
CO|EWR|TUS
CO|FLL|CLE
CO|FLL|EWR
CO|FLL|IAH
CO|GSO|EWR
CO|GSO|IAH
CO|HDN|EWR
CO|HDN|IAH
CO|HNL|EWR
CO|HNL|IAH
CO|HNL|LAX
CO|IAD|IAH
CO|IAH|ABQ
CO|IAH|AGS
CO|IAH|ANC
CO|IAH|ATL
CO|IAH|AUS
CO|IAH|BDL
CO|IAH|BHM
CO|IAH|BOS
CO|IAH|BTR
CO|IAH|BWI
CO|IAH|CHS
CO|IAH|CLE
CO|IAH|CLT
CO|IAH|CMH
CO|IAH|DCA
CO|IAH|DEN
CO|IAH|DFW
CO|IAH|DTW
CO|IAH|EGE
CO|IAH|ELP
CO|IAH|EWR
CO|IAH|FLL
CO|IAH|GSO
CO|IAH|HDN
CO|IAH|HNL
CO|IAH|IAD
CO|IAH|IND
CO|IAH|JAX
CO|IAH|JFK
CO|IAH|LAS
CO|IAH|LAX
CO|IAH|LGA
CO|IAH|MCI
CO|IAH|MCO
CO|IAH|MFE
CO|IAH|MIA
CO|IAH|MSP
CO|IAH|MSY
CO|IAH|MTJ
CO|IAH|OAK
CO|IAH|OKC
CO|IAH|OMA
CO|IAH|ONT
CO|IAH|ORD
CO|IAH|PBI
CO|IAH|PDX
CO|IAH|PHL
CO|IAH|PHX
CO|IAH|PIT
CO|IAH|PSP
CO|IAH|RDU
CO|IAH|RNO
CO|IAH|RSW
CO|IAH|SAN
CO|IAH|SAT
CO|IAH|SAV
CO|IAH|SDF
CO|IAH|SEA
CO|IAH|SFO
CO|IAH|SJC
CO|IAH|SJU
CO|IAH|SLC
CO|IAH|SMF
CO|IAH|SNA
CO|IAH|TPA
CO|IAH|TUL
CO|IAH|TUS
CO|IND|EWR
CO|IND|IAH
CO|JAX|EWR
CO|JAX|IAH
CO|JFK|IAH
CO|LAS|CLE
CO|LAS|EWR
CO|LAS|IAH
CO|LAX|CLE
CO|LAX|CMH
CO|LAX|EWR
CO|LAX|HNL
CO|LAX|IAH
CO|LGA|CLE
CO|LGA|IAH
CO|MCI|EWR
CO|MCI|IAH
CO|MCO|CLE
CO|MCO|EWR
CO|MCO|IAH
CO|MDW|EWR
CO|MFE|IAH
CO|MIA|CLE
CO|MIA|EWR
CO|MIA|IAH
CO|MSP|EWR
CO|MSP|IAH
CO|MSY|CLE
CO|MSY|CMH
CO|MSY|EWR
CO|MSY|IAH
CO|MTJ|EWR
CO|MTJ|IAH
CO|MYR|EWR
CO|OAK|IAH
CO|OKC|IAH
CO|OMA|IAH
CO|ONT|IAH
CO|ORD|EWR
CO|ORD|IAH
CO|ORF|IAH
CO|PBI|CLE
CO|PBI|EWR
CO|PBI|IAH
CO|PDX|EWR
CO|PDX|IAH
CO|PHL|CLE
CO|PHL|IAH
CO|PHX|CLE
CO|PHX|EWR
CO|PHX|IAH
CO|PIT|IAH
CO|PSE|EWR
CO|PSP|IAH
CO|PVD|EWR
CO|RDU|EWR
CO|RDU|IAH
CO|RNO|IAH
CO|RSW|CLE
CO|RSW|EWR
CO|RSW|IAH
CO|SAN|CLE
CO|SAN|EWR
CO|SAN|IAH
CO|SAT|EWR
CO|SAT|IAH
CO|SAV|EWR
CO|SAV|IAH
CO|SDF|EWR
CO|SDF|IAH
CO|SEA|ANC
CO|SEA|CLE
CO|SEA|EWR
CO|SEA|IAH
CO|SFO|CLE
CO|SFO|EWR
CO|SFO|IAH
CO|SJC|EWR
CO|SJC|IAH
CO|SJC|SFO
CO|SJU|CLE
CO|SJU|EWR
CO|SJU|IAH
CO|SLC|EWR
CO|SLC|IAH
CO|SMF|IAH
CO|SNA|EWR
CO|SNA|IAH
CO|SRQ|EWR
CO|STT|EWR
CO|TPA|CLE
CO|TPA|EWR
CO|TPA|IAH
CO|TUL|IAH
CO|TUS|EWR
CO|TUS|IAH
DL|ABQ|ATL
DL|ABQ|CVG
DL|ANC|ATL
DL|ANC|CVG
DL|ANC|LAX
DL|ANC|SLC
DL|ATL|ABQ
DL|ATL|ANC
DL|ATL|AUS
DL|ATL|BDL
DL|ATL|BHM
DL|ATL|BNA
DL|ATL|BOI
DL|ATL|BOS
DL|ATL|BUF
DL|ATL|BWI
DL|ATL|BZN
DL|ATL|CAE
DL|ATL|CAK
DL|ATL|CHS
DL|ATL|CLE
DL|ATL|CLT
DL|ATL|CMH
DL|ATL|COS
DL|ATL|CVG
DL|ATL|DAB
DL|ATL|DAY
DL|ATL|DCA
DL|ATL|DEN
DL|ATL|DFW
DL|ATL|DTW
DL|ATL|EGE
DL|ATL|ELP
DL|ATL|EWR
DL|ATL|FCA
DL|ATL|FLL
DL|ATL|GPT
DL|ATL|GSO
DL|ATL|GSP
DL|ATL|GUC
DL|ATL|HDN
DL|ATL|HNL
DL|ATL|HOU
DL|ATL|HSV
DL|ATL|IAD
DL|ATL|IAH
DL|ATL|IND
DL|ATL|JAC
DL|ATL|JAN
DL|ATL|JAX
DL|ATL|JFK
DL|ATL|LAS
DL|ATL|LAX
DL|ATL|LEX
DL|ATL|LGA
DL|ATL|LIT
DL|ATL|MCI
DL|ATL|MCO
DL|ATL|MEM
DL|ATL|MIA
DL|ATL|MKE
DL|ATL|MLB
DL|ATL|MOB
DL|ATL|MSP
DL|ATL|MSY
DL|ATL|MTJ
DL|ATL|OAK
DL|ATL|OKC
DL|ATL|ONT
DL|ATL|ORD
DL|ATL|ORF
DL|ATL|PBI
DL|ATL|PDX
DL|ATL|PHF
DL|ATL|PHL
DL|ATL|PHX
DL|ATL|PIT
DL|ATL|PNS
DL|ATL|PWM
DL|ATL|RDU
DL|ATL|RIC
DL|ATL|RNO
DL|ATL|ROC
DL|ATL|RSW
DL|ATL|SAN
DL|ATL|SAT
DL|ATL|SAV
DL|ATL|SDF
DL|ATL|SEA
DL|ATL|SFO
DL|ATL|SJC
DL|ATL|SJU
DL|ATL|SLC
DL|ATL|SMF
DL|ATL|SNA
DL|ATL|SRQ
DL|ATL|STL
DL|ATL|STT
DL|ATL|STX
DL|ATL|TLH
DL|ATL|TPA
DL|ATL|TUS
DL|ATL|TYS
DL|ATL|VPS
DL|AUS|ATL
DL|BDL|ATL
DL|BDL|CVG
DL|BDL|FLL
DL|BDL|LAX
DL|BDL|MCO
DL|BDL|PBI
DL|BDL|RSW
DL|BDL|TPA
DL|BHM|ATL
DL|BNA|ATL
DL|BOI|SLC
DL|BOS|ATL
DL|BOS|CVG
DL|BOS|FLL
DL|BOS|JFK
DL|BOS|LAS
DL|BOS|LAX
DL|BOS|LGA
DL|BOS|MCO
DL|BOS|PBI
DL|BOS|RSW
DL|BOS|SLC
DL|BOS|SRQ
DL|BOS|TPA
DL|BUF|ATL
DL|BWI|ATL
DL|BWI|CVG
DL|BWI|SLC
DL|BZN|ATL
DL|CAE|ATL
DL|CAK|ATL
DL|CHS|ATL
DL|CLE|ATL
DL|CLE|SLC
DL|CLT|ATL
DL|CLT|SLC
DL|CMH|ATL
DL|CMH|CVG
DL|CMH|LAX
DL|COS|ATL
DL|CVG|ABQ
DL|CVG|ANC
DL|CVG|ATL
DL|CVG|BDL
DL|CVG|BOS
DL|CVG|BWI
DL|CVG|CMH
DL|CVG|DCA
DL|CVG|DEN
DL|CVG|EGE
DL|CVG|FLL
DL|CVG|JAC
DL|CVG|JFK
DL|CVG|LAS
DL|CVG|LAX
DL|CVG|LGA
DL|CVG|MCO
DL|CVG|ORD
DL|CVG|PDX
DL|CVG|PHX
DL|CVG|PIT
DL|CVG|RDU
DL|CVG|RSW
DL|CVG|SAN
DL|CVG|SEA
DL|CVG|SFO
DL|CVG|SLC
DL|CVG|SNA
DL|CVG|TPA
DL|DAB|ATL
DL|DAY|ATL
DL|DCA|ATL
DL|DCA|CVG
DL|DCA|LGA
DL|DCA|SLC
DL|DEN|ATL
DL|DEN|CVG
DL|DEN|JFK
DL|DEN|SLC
DL|DFW|ATL
DL|DFW|SLC
DL|DTW|ATL
DL|DTW|JFK
DL|DTW|SLC
DL|EGE|ATL
DL|EGE|CVG
DL|ELP|ATL
DL|EWR|ATL
DL|EWR|SLC
DL|FAI|SLC
DL|FCA|ATL
DL|FLL|ATL
DL|FLL|BDL
DL|FLL|BOS
DL|FLL|CVG
DL|FLL|JFK
DL|FLL|LAS
DL|FLL|LAX
DL|FLL|LGA
DL|FLL|SLC
DL|GEG|SLC
DL|GPT|ATL
DL|GSO|ATL
DL|GSP|ATL
DL|GUC|ATL
DL|HDN|ATL
DL|HDN|JFK
DL|HDN|LGA
DL|HNL|ATL
DL|HNL|LAX
DL|HNL|SLC
DL|HOU|ATL
DL|HSV|ATL
DL|IAD|ATL
DL|IAD|SLC
DL|IAH|ATL
DL|IND|ATL
DL|JAC|ATL
DL|JAC|CVG
DL|JAC|SLC
DL|JAN|ATL
DL|JAX|ATL
DL|JAX|LAX
DL|JFK|ATL
DL|JFK|BOS
DL|JFK|CVG
DL|JFK|DCA
DL|JFK|DEN
DL|JFK|FLL
DL|JFK|HDN
DL|JFK|LAS
DL|JFK|LAX
DL|JFK|MCO
DL|JFK|MIA
DL|JFK|PDX
DL|JFK|PHX
DL|JFK|SAN
DL|JFK|SEA
DL|JFK|SFO
DL|JFK|SJU
DL|JFK|SLC
DL|JFK|STT
DL|JFK|TPA
DL|KOA|LAX
DL|LAS|ATL
DL|LAS|BOS
DL|LAS|CVG
DL|LAS|FLL
DL|LAS|JFK
DL|LAS|MCO
DL|LAS|SLC
DL|LAX|ANC
DL|LAX|ATL
DL|LAX|BDL
DL|LAX|BOS
DL|LAX|CMH
DL|LAX|CVG
DL|LAX|FLL
DL|LAX|HNL
DL|LAX|JAX
DL|LAX|JFK
DL|LAX|KOA
DL|LAX|LIH
DL|LAX|MCO
DL|LAX|MSY
DL|LAX|OGG
DL|LAX|RDU
DL|LAX|SLC
DL|LAX|TPA
DL|LEX|ATL
DL|LGA|ATL
DL|LGA|BOS
DL|LGA|CVG
DL|LGA|DCA
DL|LGA|FLL
DL|LGA|HDN
DL|LGA|MCO
DL|LGA|MSY
DL|LGA|PBI
DL|LGA|RSW
DL|LGA|SLC
DL|LGA|TPA
DL|LIH|LAX
DL|LIT|ATL
DL|MCI|ATL
DL|MCO|ATL
DL|MCO|BDL
DL|MCO|BOS
DL|MCO|CVG
DL|MCO|JFK
DL|MCO|LAS
DL|MCO|LAX
DL|MCO|LGA
DL|MCO|SJU
DL|MCO|SLC
DL|MEM|ATL
DL|MIA|ATL
DL|MIA|JFK
DL|MKE|ATL
DL|MLB|ATL
DL|MOB|ATL
DL|MSP|ATL
DL|MSP|SLC
DL|MSY|ATL
DL|MSY|LAX
DL|MSY|LGA
DL|MSY|SLC
DL|MTJ|ATL
DL|OAK|ATL
DL|OAK|SLC
DL|OGG|LAX
DL|OGG|SLC
DL|OKC|ATL
DL|ONT|ATL
DL|ONT|SLC
DL|ORD|ATL
DL|ORD|CVG
DL|ORD|SLC
DL|ORF|ATL
DL|PBI|ATL
DL|PBI|BDL
DL|PBI|BOS
DL|PBI|LGA
DL|PDX|ATL
DL|PDX|CVG
DL|PDX|JFK
DL|PDX|SLC
DL|PHF|ATL
DL|PHL|ATL
DL|PHL|SLC
DL|PHX|ATL
DL|PHX|CVG
DL|PHX|JFK
DL|PHX|SLC
DL|PIT|ATL
DL|PIT|CVG
DL|PIT|SLC
DL|PNS|ATL
DL|PWM|ATL
DL|RDU|ATL
DL|RDU|CVG
DL|RDU|LAX
DL|RDU|SLC
DL|RIC|ATL
DL|RNO|ATL
DL|RNO|SLC
DL|ROC|ATL
DL|RSW|ATL
DL|RSW|BDL
DL|RSW|BOS
DL|RSW|CVG
DL|RSW|LGA
DL|SAN|ATL
DL|SAN|CVG
DL|SAN|JFK
DL|SAN|SLC
DL|SAT|ATL
DL|SAV|ATL
DL|SDF|ATL
DL|SEA|ATL
DL|SEA|CVG
DL|SEA|JFK
DL|SEA|SLC
DL|SFO|ATL
DL|SFO|CVG
DL|SFO|JFK
DL|SFO|SLC
DL|SJC|ATL
DL|SJC|SLC
DL|SJU|ATL
DL|SJU|JFK
DL|SJU|MCO
DL|SLC|ANC
DL|SLC|ATL
DL|SLC|BOI
DL|SLC|BOS
DL|SLC|BWI
DL|SLC|CLE
DL|SLC|CLT
DL|SLC|CVG
DL|SLC|DCA
DL|SLC|DEN
DL|SLC|DFW
DL|SLC|DTW
DL|SLC|EWR
DL|SLC|FAI
DL|SLC|FLL
DL|SLC|GEG
DL|SLC|HNL
DL|SLC|IAD
DL|SLC|JAC
DL|SLC|JFK
DL|SLC|LAS
DL|SLC|LAX
DL|SLC|LGA
DL|SLC|MCO
DL|SLC|MSP
DL|SLC|MSY
DL|SLC|OAK
DL|SLC|OGG
DL|SLC|ONT
DL|SLC|ORD
DL|SLC|PDX
DL|SLC|PHL
DL|SLC|PHX
DL|SLC|PIT
DL|SLC|RDU
DL|SLC|RNO
DL|SLC|SAN
DL|SLC|SEA
DL|SLC|SFO
DL|SLC|SJC
DL|SLC|SMF
DL|SLC|SNA
DL|SLC|TPA
DL|SMF|ATL
DL|SMF|SLC
DL|SNA|ATL
DL|SNA|CVG
DL|SNA|SLC
DL|SRQ|ATL
DL|SRQ|BOS
DL|STL|ATL
DL|STT|ATL
DL|STT|JFK
DL|STX|ATL
DL|TLH|ATL
DL|TPA|ATL
DL|TPA|BDL
DL|TPA|BOS
DL|TPA|CVG
DL|TPA|JFK
DL|TPA|LAX
DL|TPA|LGA
DL|TPA|SLC
DL|TUS|ATL
DL|TYS|ATL
DL|VPS|ATL
EV|ABE|ATL
EV|ABE|CVG
EV|ABY|ATL
EV|ACY|ATL
EV|AEX|ATL
EV|AGS|ATL
EV|ALB|ATL
EV|ALB|CVG
EV|ATL|ABE
EV|ATL|ABY
EV|ATL|ACY
EV|ATL|AEX
EV|ATL|AGS
EV|ATL|ALB
EV|ATL|ATW
EV|ATL|AUS
EV|ATL|AVL
EV|ATL|AVP
EV|ATL|BDL
EV|ATL|BGR
EV|ATL|BHM
EV|ATL|BMI
EV|ATL|BNA
EV|ATL|BQK
EV|ATL|BTR
EV|ATL|BTV
EV|ATL|BUF
EV|ATL|BWI
EV|ATL|CAE
EV|ATL|CAK
EV|ATL|CHA
EV|ATL|CHO
EV|ATL|CHS
EV|ATL|CID
EV|ATL|CLE
EV|ATL|CLT
EV|ATL|CMH
EV|ATL|CRP
EV|ATL|CRW
EV|ATL|CSG
EV|ATL|CVG
EV|ATL|DAB
EV|ATL|DAY
EV|ATL|DCA
EV|ATL|DFW
EV|ATL|DHN
EV|ATL|DSM
EV|ATL|DTW
EV|ATL|EVV
EV|ATL|EWN
EV|ATL|EWR
EV|ATL|EYW
EV|ATL|FAY
EV|ATL|FLO
EV|ATL|FNT
EV|ATL|FSD
EV|ATL|FSM
EV|ATL|FWA
EV|ATL|GNV
EV|ATL|GPT
EV|ATL|GRB
EV|ATL|GRK
EV|ATL|GRR
EV|ATL|GSO
EV|ATL|GSP
EV|ATL|GTR
EV|ATL|HHH
EV|ATL|HOU
EV|ATL|HPN
EV|ATL|HSV
EV|ATL|IAD
EV|ATL|IAH
EV|ATL|ICT
EV|ATL|ILM
EV|ATL|IND
EV|ATL|ISP
EV|ATL|JAN
EV|ATL|JFK
EV|ATL|LAW
EV|ATL|LEX
EV|ATL|LFT
EV|ATL|LIT
EV|ATL|LWB
EV|ATL|LYH
EV|ATL|MCI
EV|ATL|MCN
EV|ATL|MDT
EV|ATL|MDW
EV|ATL|MEI
EV|ATL|MEM
EV|ATL|MFE
EV|ATL|MGM
EV|ATL|MHT
EV|ATL|MKE
EV|ATL|MLB
EV|ATL|MLI
EV|ATL|MLU
EV|ATL|MOB
EV|ATL|MSN
EV|ATL|MSP
EV|ATL|MSY
EV|ATL|MYR
EV|ATL|OAJ
EV|ATL|OKC
EV|ATL|OMA
EV|ATL|ORD
EV|ATL|ORF
EV|ATL|PFN
EV|ATL|PHF
EV|ATL|PHL
EV|ATL|PIA
EV|ATL|PIT
EV|ATL|PNS
EV|ATL|PVD
EV|ATL|PWM
EV|ATL|RDU
EV|ATL|RIC
EV|ATL|ROA
EV|ATL|ROC
EV|ATL|SAT
EV|ATL|SAV
EV|ATL|SBN
EV|ATL|SCE
EV|ATL|SDF
EV|ATL|SGF
EV|ATL|SHV
EV|ATL|SRQ
EV|ATL|STL
EV|ATL|SWF
EV|ATL|SYR
EV|ATL|TLH
EV|ATL|TOL
EV|ATL|TRI
EV|ATL|TUL
EV|ATL|TUP
EV|ATL|TYS
EV|ATL|VLD
EV|ATL|VPS
EV|ATL|XNA
EV|ATW|ATL
EV|AUS|ATL
EV|AVL|ATL
EV|AVL|CVG
EV|AVL|MCO
EV|AVP|ATL
EV|AVP|CVG
EV|AZO|CVG
EV|BDL|ATL
EV|BDL|CVG
EV|BGR|ATL
EV|BHM|ATL
EV|BHM|CVG
EV|BHM|LGA
EV|BMI|ATL
EV|BNA|ATL
EV|BNA|CVG
EV|BNA|MCO
EV|BOS|CVG
EV|BOS|DCA
EV|BQK|ATL
EV|BTR|ATL
EV|BTV|ATL
EV|BUF|ATL
EV|BWI|ATL
EV|BWI|CVG
EV|CAE|ATL
EV|CAE|CVG
EV|CAE|LGA
EV|CAK|ATL
EV|CAK|CVG
EV|CHA|ATL
EV|CHO|ATL
EV|CHO|CVG
EV|CHS|ATL
EV|CHS|CVG
EV|CID|ATL
EV|CID|CVG
EV|CLE|ATL
EV|CLE|CVG
EV|CLT|ATL
EV|CLT|CVG
EV|CMH|ATL
EV|CRP|ATL
EV|CRW|ATL
EV|CRW|CVG
EV|CSG|ATL
EV|CVG|ABE
EV|CVG|ALB
EV|CVG|ATL
EV|CVG|ATW
EV|CVG|AVL
EV|CVG|AVP
EV|CVG|AZO
EV|CVG|BDL
EV|CVG|BHM
EV|CVG|BNA
EV|CVG|BOS
EV|CVG|BTR
EV|CVG|BWI
EV|CVG|CAE
EV|CVG|CAK
EV|CVG|CHO
EV|CVG|CID
EV|CVG|CLE
EV|CVG|CLT
EV|CVG|CRW
EV|CVG|DAY
EV|CVG|DCA
EV|CVG|DFW
EV|CVG|DSM
EV|CVG|DTW
EV|CVG|EVV
EV|CVG|EWR
EV|CVG|FLL
EV|CVG|GRB
EV|CVG|GRR
EV|CVG|GSO
EV|CVG|GSP
EV|CVG|HPN
EV|CVG|HSV
EV|CVG|IAD
EV|CVG|IAH
EV|CVG|ILM
EV|CVG|JAN
EV|CVG|JAX
EV|CVG|LAN
EV|CVG|LEX
EV|CVG|LGA
EV|CVG|LIT
EV|CVG|MCI
EV|CVG|MDT
EV|CVG|MEM
EV|CVG|MHT
EV|CVG|MIA
EV|CVG|MKE
EV|CVG|MSN
EV|CVG|MSP
EV|CVG|OKC
EV|CVG|OMA
EV|CVG|ORF
EV|CVG|PHL
EV|CVG|PIT
EV|CVG|PVD
EV|CVG|PWM
EV|CVG|RDU
EV|CVG|RIC
EV|CVG|ROC
EV|CVG|SAT
EV|CVG|SDF
EV|CVG|SGF
EV|CVG|SYR
EV|CVG|TRI
EV|CVG|TUL
EV|CVG|TYS
EV|CVG|XNA
EV|DAB|ATL
EV|DAY|ATL
EV|DAY|CVG
EV|DCA|ATL
EV|DCA|BOS
EV|DCA|CVG
EV|DCA|HSV
EV|DCA|JAN
EV|DCA|JFK
EV|DFW|ATL
EV|DHN|ATL
EV|DSM|ATL
EV|DSM|CVG
EV|DTW|ATL
EV|DTW|CVG
EV|EVV|ATL
EV|EVV|CVG
EV|EWN|ATL
EV|EWR|ATL
EV|EWR|CVG
EV|EYW|ATL
EV|EYW|MCO
EV|FAY|ATL
EV|FLL|CVG
EV|FLL|PNS
EV|FLL|TLH
EV|FLO|ATL
EV|FNT|ATL
EV|FSD|ATL
EV|FSM|ATL
EV|FWA|ATL
EV|GNV|ATL
EV|GPT|ATL
EV|GRB|ATL
EV|GRB|CVG
EV|GRK|ATL
EV|GRR|ATL
EV|GRR|CVG
EV|GSO|ATL
EV|GSO|CVG
EV|GSP|ATL
EV|GSP|CVG
EV|GSP|LGA
EV|GTR|ATL
EV|HHH|ATL
EV|HOU|ATL
EV|HPN|ATL
EV|HPN|CVG
EV|HSV|ATL
EV|HSV|CVG
EV|HSV|DCA
EV|HSV|MCO
EV|IAD|ATL
EV|IAD|CVG
EV|IAH|ATL
EV|IAH|CVG
EV|ICT|ATL
EV|ILM|ATL
EV|ILM|CVG
EV|IND|ATL
EV|ISP|ATL
EV|JAN|ATL
EV|JAN|CVG
EV|JAN|DCA
EV|JAX|CVG
EV|JAX|LGA
EV|JFK|ATL
EV|JFK|CVG
EV|JFK|PHL
EV|LAN|CVG
EV|LAW|ATL
EV|LEX|ATL
EV|LEX|CVG
EV|LEX|DCA
EV|LEX|MCO
EV|LFT|ATL
EV|LGA|BHM
EV|LGA|CAE
EV|LGA|CHS
EV|LGA|CMH
EV|LGA|JAX
EV|LGA|LEX
EV|LGA|RIC
EV|LGA|SAV
EV|LGA|SRQ
EV|LIT|ATL
EV|LIT|CVG
EV|LWB|ATL
EV|LYH|ATL
EV|MCI|ATL
EV|MCI|CVG
EV|MCN|ATL
EV|MCO|AVL
EV|MCO|BHM
EV|MCO|BNA
EV|MCO|EYW
EV|MCO|HSV
EV|MCO|LEX
EV|MCO|MSY
EV|MCO|PFN
EV|MCO|PNS
EV|MCO|RDU
EV|MCO|RIC
EV|MCO|SDF
EV|MCO|TLH
EV|MCO|TYS
EV|MDT|ATL
EV|MDT|CVG
EV|MDW|ATL
EV|MEI|ATL
EV|MEM|ATL
EV|MEM|CVG
EV|MFE|ATL
EV|MGM|ATL
EV|MHT|ATL
EV|MHT|CVG
EV|MIA|CVG
EV|MIA|TLH
EV|MKE|ATL
EV|MKE|CVG
EV|MLB|ATL
EV|MLI|ATL
EV|MLU|ATL
EV|MOB|ATL
EV|MSN|ATL
EV|MSN|CVG
EV|MSP|ATL
EV|MSP|CVG
EV|MSY|ATL
EV|MSY|CVG
EV|MSY|MCO
EV|MYR|ATL
EV|OAJ|ATL
EV|OKC|ATL
EV|OKC|CVG
EV|OMA|ATL
EV|OMA|CVG
EV|ORD|ATL
EV|ORD|CVG
EV|ORF|ATL
EV|ORF|CVG
EV|PFN|ATL
EV|PFN|MCO
EV|PHF|ATL
EV|PHL|ATL
EV|PHL|CVG
EV|PIA|ATL
EV|PIT|ATL
EV|PIT|CVG
EV|PIT|JFK
EV|PNS|ATL
EV|PNS|FLL
EV|PNS|MCO
EV|PNS|TPA
EV|PVD|ATL
EV|PVD|CVG
EV|PWM|ATL
EV|RDU|ATL
EV|RDU|CVG
EV|RDU|MCO
EV|RIC|ATL
EV|RIC|MCO
EV|ROA|ATL
EV|ROC|ATL
EV|ROC|CVG
EV|SAT|ATL
EV|SAV|ATL
EV|SBN|ATL
EV|SCE|ATL
EV|SDF|ATL
EV|SDF|CVG
EV|SDF|MCO
EV|SGF|ATL
EV|SGF|CVG
EV|SHV|ATL
EV|SRQ|ATL
EV|SRQ|LGA
EV|STL|ATL
EV|SWF|ATL
EV|SYR|ATL
EV|SYR|CVG
EV|TLH|ATL
EV|TLH|FLL
EV|TLH|MCO
EV|TLH|MIA
EV|TLH|TPA
EV|TOL|ATL
EV|TPA|PNS
EV|TPA|TLH
EV|TRI|ATL
EV|TRI|CVG
EV|TUL|ATL
EV|TUL|CVG
EV|TUP|ATL
EV|TYS|ATL
EV|TYS|CVG
EV|TYS|LGA
EV|TYS|MCO
EV|VLD|ATL
EV|VPS|ATL
EV|XNA|ATL
EV|XNA|CVG
F9|ABQ|DEN
F9|ANC|DEN
F9|ATL|DEN
F9|AUS|DEN
F9|BDL|DEN
F9|BNA|DEN
F9|BOI|DEN
F9|BTR|DEN
F9|CAK|DEN
F9|DAY|DEN
F9|DCA|DEN
F9|DEN|ABQ
F9|DEN|ANC
F9|DEN|ATL
F9|DEN|AUS
F9|DEN|BDL
F9|DEN|BNA
F9|DEN|BOI
F9|DEN|CAK
F9|DEN|DAY
F9|DEN|DCA
F9|DEN|DFW
F9|DEN|DTW
F9|DEN|ELP
F9|DEN|FLL
F9|DEN|GEG
F9|DEN|IAH
F9|DEN|IND
F9|DEN|JAC
F9|DEN|JAX
F9|DEN|LAS
F9|DEN|LAX
F9|DEN|LGA
F9|DEN|MCI
F9|DEN|MCO
F9|DEN|MDW
F9|DEN|MEM
F9|DEN|MKE
F9|DEN|MSP
F9|DEN|OKC
F9|DEN|OMA
F9|DEN|PBI
F9|DEN|PDX
F9|DEN|PHL
F9|DEN|PHX
F9|DEN|RSW
F9|DEN|SAN
F9|DEN|SAT
F9|DEN|SDF
F9|DEN|SEA
F9|DEN|SFO
F9|DEN|SJC
F9|DEN|SLC
F9|DEN|SMF
F9|DEN|SNA
F9|DEN|STL
F9|DEN|TPA
F9|DEN|TUS
F9|DFW|DEN
F9|DTW|DEN
F9|ELP|DEN
F9|FLL|DEN
F9|FLL|MEM
F9|GEG|DEN
F9|IAH|DEN
F9|IND|DEN
F9|JAC|DEN
F9|JAX|DEN
F9|LAS|DEN
F9|LAX|DEN
F9|LGA|DEN
F9|MCI|DEN
F9|MCO|DEN
F9|MCO|MEM
F9|MDW|DEN
F9|MEM|DEN
F9|MEM|FLL
F9|MEM|MCO
F9|MKE|DEN
F9|MSP|DEN
F9|OKC|DEN
F9|OMA|DEN
F9|PBI|DEN
F9|PDX|DEN
F9|PHL|DEN
F9|PHX|DEN
F9|RSW|DEN
F9|SAN|DEN
F9|SAT|DEN
F9|SDF|DEN
F9|SEA|DEN
F9|SFO|DEN
F9|SJC|DEN
F9|SLC|DEN
F9|SMF|DEN
F9|SNA|DEN
F9|STL|DEN
F9|TPA|DEN
F9|TUL|DEN
F9|TUS|DEN
FL|ATL|BMI
FL|ATL|BOS
FL|ATL|BUF
FL|ATL|BWI
FL|ATL|CAK
FL|ATL|CHS
FL|ATL|CLT
FL|ATL|CMH
FL|ATL|DAB
FL|ATL|DAY
FL|ATL|DCA
FL|ATL|DEN
FL|ATL|DFW
FL|ATL|DTW
FL|ATL|EWR
FL|ATL|FLL
FL|ATL|FNT
FL|ATL|GPT
FL|ATL|HOU
FL|ATL|HPN
FL|ATL|IAD
FL|ATL|ICT
FL|ATL|IND
FL|ATL|JAX
FL|ATL|LAS
FL|ATL|LAX
FL|ATL|LGA
FL|ATL|MCI
FL|ATL|MCO
FL|ATL|MDW
FL|ATL|MEM
FL|ATL|MIA
FL|ATL|MKE
FL|ATL|MLI
FL|ATL|MSP
FL|ATL|MSY
FL|ATL|PBI
FL|ATL|PHF
FL|ATL|PHL
FL|ATL|PHX
FL|ATL|PIT
FL|ATL|PNS
FL|ATL|RDU
FL|ATL|RIC
FL|ATL|ROC
FL|ATL|RSW
FL|ATL|SAN
FL|ATL|SAT
FL|ATL|SAV
FL|ATL|SEA
FL|ATL|SFO
FL|ATL|SJU
FL|ATL|SRQ
FL|ATL|STL
FL|ATL|SWF
FL|ATL|TPA
FL|BMI|ATL
FL|BMI|LAS
FL|BMI|MCO
FL|BOS|ATL
FL|BOS|BWI
FL|BOS|CAK
FL|BOS|MCO
FL|BOS|MDW
FL|BOS|MKE
FL|BOS|PBI
FL|BOS|PHF
FL|BOS|RSW
FL|BOS|SRQ
FL|BOS|TPA
FL|BTV|BWI
FL|BUF|ATL
FL|BUF|MCO
FL|BUF|RSW
FL|BWI|ATL
FL|BWI|BOS
FL|BWI|BTV
FL|BWI|CLT
FL|BWI|DAB
FL|BWI|DAY
FL|BWI|DFW
FL|BWI|FLL
FL|BWI|LAX
FL|BWI|MCO
FL|BWI|MIA
FL|BWI|MKE
FL|BWI|PBI
FL|BWI|PWM
FL|BWI|ROC
FL|BWI|RSW
FL|BWI|SEA
FL|BWI|SJU
FL|BWI|SRQ
FL|BWI|TPA
FL|CAK|ATL
FL|CAK|BOS
FL|CAK|FLL
FL|CAK|LAS
FL|CAK|LGA
FL|CAK|MCO
FL|CAK|RSW
FL|CAK|TPA
FL|CHS|ATL
FL|CLT|ATL
FL|CLT|BWI
FL|CLT|MCO
FL|CLT|MDW
FL|CMH|ATL
FL|CMH|MCO
FL|CMH|RSW
FL|DAB|ATL
FL|DAB|BWI
FL|DAB|LGA
FL|DAY|ATL
FL|DAY|BWI
FL|DAY|LAS
FL|DAY|MCO
FL|DAY|TPA
FL|DCA|ATL
FL|DCA|MCO
FL|DCA|MKE
FL|DCA|RSW
FL|DEN|ATL
FL|DEN|MCO
FL|DFW|ATL
FL|DFW|BWI
FL|DFW|MCO
FL|DTW|ATL
FL|DTW|FLL
FL|DTW|MCO
FL|DTW|RSW
FL|DTW|SRQ
FL|DTW|TPA
FL|EWR|ATL
FL|FLL|ATL
FL|FLL|BWI
FL|FLL|CAK
FL|FLL|DTW
FL|FLL|GPT
FL|FLL|HPN
FL|FLL|IND
FL|FLL|MEM
FL|FLL|MKE
FL|FLL|PHF
FL|FLL|PHL
FL|FLL|PIT
FL|FLL|ROC
FL|FNT|ATL
FL|FNT|LAS
FL|FNT|MCO
FL|FNT|RSW
FL|FNT|TPA
FL|GPT|ATL
FL|GPT|FLL
FL|GPT|TPA
FL|HOU|ATL
FL|HPN|ATL
FL|HPN|FLL
FL|HPN|MCO
FL|HPN|PBI
FL|HPN|RSW
FL|IAD|ATL
FL|IAD|MCO
FL|ICT|ATL
FL|IND|ATL
FL|IND|FLL
FL|IND|LAS
FL|IND|LAX
FL|IND|MCO
FL|IND|MSY
FL|IND|RSW
FL|IND|SFO
FL|IND|SRQ
FL|IND|TPA
FL|JAX|ATL
FL|LAS|ATL
FL|LAS|BMI
FL|LAS|CAK
FL|LAS|DAY
FL|LAS|FNT
FL|LAS|IND
FL|LAS|MKE
FL|LAS|MLI
FL|LAS|ROC
FL|LAX|ATL
FL|LAX|BWI
FL|LAX|IND
FL|LAX|MKE
FL|LAX|PHX
FL|LGA|ATL
FL|LGA|CAK
FL|LGA|DAB
FL|LGA|MCO
FL|LGA|MKE
FL|LGA|PHF
FL|LGA|RIC
FL|LGA|TPA
FL|MCI|ATL
FL|MCI|MCO
FL|MCI|MIA
FL|MCI|RSW
FL|MCO|ATL
FL|MCO|BMI
FL|MCO|BOS
FL|MCO|BUF
FL|MCO|BWI
FL|MCO|CAK
FL|MCO|CLT
FL|MCO|CMH
FL|MCO|DAY
FL|MCO|DCA
FL|MCO|DFW
FL|MCO|DTW
FL|MCO|FNT
FL|MCO|HPN
FL|MCO|IAD
FL|MCO|IND
FL|MCO|LGA
FL|MCO|MCI
FL|MCO|MDT
FL|MCO|MDW
FL|MCO|MEM
FL|MCO|MKE
FL|MCO|MLI
FL|MCO|MSP
FL|MCO|PHF
FL|MCO|PHL
FL|MCO|PIT
FL|MCO|PWM
FL|MCO|RDU
FL|MCO|RIC
FL|MCO|ROC
FL|MCO|SAN
FL|MCO|SJU
FL|MCO|STL
FL|MCO|SWF
FL|MDT|MCO
FL|MDW|ATL
FL|MDW|BOS
FL|MDW|CLT
FL|MDW|MCO
FL|MDW|MIA
FL|MDW|MSP
FL|MDW|RSW
FL|MDW|SRQ
FL|MEM|ATL
FL|MEM|FLL
FL|MEM|MCO
FL|MIA|ATL
FL|MIA|BWI
FL|MIA|MCI
FL|MIA|MDW
FL|MKE|ATL
FL|MKE|BOS
FL|MKE|BWI
FL|MKE|DCA
FL|MKE|FLL
FL|MKE|LAS
FL|MKE|LAX
FL|MKE|LGA
FL|MKE|MCO
FL|MKE|PHX
FL|MKE|RSW
FL|MKE|SAN
FL|MKE|SEA
FL|MKE|SFO
FL|MKE|TPA
FL|MLI|ATL
FL|MLI|LAS
FL|MLI|MCO
FL|MSP|ATL
FL|MSP|MCO
FL|MSP|MDW
FL|MSP|TPA
FL|MSY|ATL
FL|PBI|ATL
FL|PBI|BOS
FL|PBI|BWI
FL|PBI|HPN
FL|PBI|SWF
FL|PHF|ATL
FL|PHF|BOS
FL|PHF|FLL
FL|PHF|LGA
FL|PHF|MCO
FL|PHF|TPA
FL|PHL|ATL
FL|PHL|FLL
FL|PHL|MCO
FL|PHL|TPA
FL|PHX|ATL
FL|PHX|MKE
FL|PIT|ATL
FL|PIT|FLL
FL|PIT|MCO
FL|PIT|RSW
FL|PIT|TPA
FL|PNS|ATL
FL|PWM|BWI
FL|PWM|MCO
FL|RDU|ATL
FL|RDU|MCO
FL|RIC|ATL
FL|RIC|LGA
FL|RIC|MCO
FL|ROC|ATL
FL|ROC|BWI
FL|ROC|FLL
FL|ROC|LAS
FL|ROC|MCO
FL|ROC|TPA
FL|RSW|ATL
FL|RSW|BOS
FL|RSW|BUF
FL|RSW|BWI
FL|RSW|CAK
FL|RSW|CMH
FL|RSW|DCA
FL|RSW|DTW
FL|RSW|FNT
FL|RSW|HPN
FL|RSW|IND
FL|RSW|MCI
FL|RSW|MDW
FL|RSW|MKE
FL|RSW|PIT
FL|SAN|ATL
FL|SAN|MCO
FL|SAN|MKE
FL|SAT|ATL
FL|SAV|ATL
FL|SEA|ATL
FL|SEA|BWI
FL|SEA|MKE
FL|SFO|ATL
FL|SFO|IND
FL|SFO|MKE
FL|SJU|ATL
FL|SJU|BWI
FL|SJU|MCO
FL|SRQ|ATL
FL|SRQ|BOS
FL|SRQ|BWI
FL|SRQ|DTW
FL|SRQ|IND
FL|SRQ|MDW
FL|SRQ|STL
FL|STL|ATL
FL|STL|MCO
FL|STL|SRQ
FL|SWF|ATL
FL|SWF|MCO
FL|SWF|PBI
FL|SWF|TPA
FL|TPA|ATL
FL|TPA|BOS
FL|TPA|BWI
FL|TPA|CAK
FL|TPA|DAY
FL|TPA|DTW
FL|TPA|FNT
FL|TPA|GPT
FL|TPA|IND
FL|TPA|LGA
FL|TPA|MKE
FL|TPA|MSP
FL|TPA|PHF
FL|TPA|PHL
FL|TPA|PIT
FL|TPA|ROC
FL|TPA|SWF
HA|HNL|ITO
HA|HNL|KOA
HA|HNL|LAS
HA|HNL|LAX
HA|HNL|LIH
HA|HNL|OAK
HA|HNL|OGG
HA|HNL|PDX
HA|HNL|PHX
HA|HNL|SAN
HA|HNL|SEA
HA|HNL|SFO
HA|HNL|SJC
HA|HNL|SMF
HA|ITO|HNL
HA|ITO|KOA
HA|ITO|OGG
HA|KOA|HNL
HA|KOA|OGG
HA|LAS|HNL
HA|LAX|HNL
HA|LIH|HNL
HA|LIH|OGG
HA|OAK|HNL
HA|OGG|HNL
HA|OGG|ITO
HA|OGG|KOA
HA|OGG|PDX
HA|OGG|SAN
HA|OGG|SEA
HA|PDX|HNL
HA|PDX|OGG
HA|PHX|HNL
HA|SAN|HNL
HA|SAN|OGG
HA|SEA|HNL
HA|SEA|OGG
HA|SFO|HNL
HA|SJC|HNL
HA|SMF|HNL
MQ|ABI|DFW
MQ|ABQ|ORD
MQ|ACT|DFW
MQ|AEX|DFW
MQ|ALB|ORD
MQ|AMA|DFW
MQ|ATL|ORD
MQ|AUS|DAL
MQ|AZO|ORD
MQ|BDL|ORD
MQ|BDL|RDU
MQ|BHM|ORD
MQ|BMI|DFW
MQ|BMI|ORD
MQ|BNA|DCA
MQ|BNA|ORD
MQ|BNA|STL
MQ|BOS|CMH
MQ|BOS|DCA
MQ|BOS|JFK
MQ|BOS|LGA
MQ|BOS|RDU
MQ|BTR|DFW
MQ|BTR|ORD
MQ|BUF|DFW
MQ|BUF|ORD
MQ|BWI|JFK
MQ|BWI|ORD
MQ|CAE|DFW
MQ|CHA|DFW
MQ|CHA|ORD
MQ|CHS|DFW
MQ|CID|DFW
MQ|CID|LGA
MQ|CID|ORD
MQ|CLE|DFW
MQ|CLE|JFK
MQ|CLE|LGA
MQ|CLE|MIA
MQ|CLE|ORD
MQ|CLL|DFW
MQ|CLT|LGA
MQ|CLT|MIA
MQ|CLT|ORD
MQ|CMH|BOS
MQ|CMH|DFW
MQ|CMH|LGA
MQ|CMH|MIA
MQ|CMH|ORD
MQ|CMH|RDU
MQ|CMI|DFW
MQ|CMI|ORD
MQ|CMI|SPI
MQ|CRP|DFW
MQ|CVG|DFW
MQ|CVG|LGA
MQ|CVG|MIA
MQ|CVG|ORD
MQ|CWA|ORD
MQ|DAL|AUS
MQ|DAL|MCI
MQ|DAL|ORD
MQ|DAY|ORD
MQ|DBQ|ORD
MQ|DCA|BNA
MQ|DCA|BOS
MQ|DCA|JFK
MQ|DCA|LGA
MQ|DCA|ORD
MQ|DCA|RDU
MQ|DCA|XNA
MQ|DFW|ABI
MQ|DFW|ACT
MQ|DFW|AEX
MQ|DFW|AMA
MQ|DFW|BMI
MQ|DFW|BTR
MQ|DFW|BUF
MQ|DFW|CAE
MQ|DFW|CHA
MQ|DFW|CHS
MQ|DFW|CID
MQ|DFW|CLE
MQ|DFW|CLL
MQ|DFW|CMH
MQ|DFW|CMI
MQ|DFW|CRP
MQ|DFW|CVG
MQ|DFW|DSM
MQ|DFW|ELP
MQ|DFW|EVV
MQ|DFW|FNT
MQ|DFW|FSM
MQ|DFW|FWA
MQ|DFW|GGG
MQ|DFW|GJT
MQ|DFW|GPT
MQ|DFW|GRK
MQ|DFW|GRR
MQ|DFW|GSO
MQ|DFW|GSP
MQ|DFW|HOU
MQ|DFW|HSV
MQ|DFW|ICT
MQ|DFW|JAN
MQ|DFW|LAW
MQ|DFW|LBB
MQ|DFW|LEX
MQ|DFW|LFT
MQ|DFW|LIT
MQ|DFW|LRD
MQ|DFW|MAF
MQ|DFW|MDT
MQ|DFW|MKE
MQ|DFW|MLI
MQ|DFW|MLU
MQ|DFW|MOB
MQ|DFW|MSN
MQ|DFW|MTJ
MQ|DFW|OKC
MQ|DFW|ORF
MQ|DFW|PIA
MQ|DFW|PIT
MQ|DFW|PNS
MQ|DFW|ROC
MQ|DFW|ROW
MQ|DFW|SAV
MQ|DFW|SBA
MQ|DFW|SDF
MQ|DFW|SGF
MQ|DFW|SHV
MQ|DFW|SJT
MQ|DFW|SPS
MQ|DFW|SYR
MQ|DFW|TUL
MQ|DFW|TXK
MQ|DFW|TYR
MQ|DFW|TYS
MQ|DFW|VPS
MQ|DFW|XNA
MQ|DSM|DFW
MQ|DSM|LGA
MQ|DSM|ORD
MQ|DTW|LGA
MQ|DTW|ORD
MQ|ELP|DFW
MQ|ELP|LAX
MQ|EVV|DFW
MQ|EVV|ORD
MQ|EWR|RDU
MQ|FAT|LAX
MQ|FNT|DFW
MQ|FNT|LGA
MQ|FNT|ORD
MQ|FSM|DFW
MQ|FWA|DFW
MQ|FWA|ORD
MQ|GGG|DFW
MQ|GJT|DFW
MQ|GPT|DFW
MQ|GPT|ORD
MQ|GRB|MQT
MQ|GRB|ORD
MQ|GRK|DFW
MQ|GRR|DFW
MQ|GRR|ORD
MQ|GSO|DFW
MQ|GSO|MIA
MQ|GSP|DFW
MQ|GSP|ORD
MQ|HOU|DFW
MQ|HPN|ORD
MQ|HSV|DFW
MQ|HSV|ORD
MQ|ICT|DFW
MQ|ICT|ORD
MQ|ICT|STL
MQ|IND|MIA
MQ|IND|ORD
MQ|JAN|DFW
MQ|JAN|ORD
MQ|JAX|MIA
MQ|JAX|ORD
MQ|JAX|RDU
MQ|JFK|BOS
MQ|JFK|BWI
MQ|JFK|CLE
MQ|JFK|DCA
MQ|JFK|ORD
MQ|JFK|PIT
MQ|JFK|RDU
MQ|JFK|STL
MQ|LAS|LAX
MQ|LAW|DFW
MQ|LAX|ELP
MQ|LAX|FAT
MQ|LAX|LAS
MQ|LAX|MRY
MQ|LAX|SAN
MQ|LAX|SBA
MQ|LAX|SBP
MQ|LAX|SJC
MQ|LAX|XNA
MQ|LBB|DFW
MQ|LEX|DFW
MQ|LEX|ORD
MQ|LFT|DFW
MQ|LGA|BOS
MQ|LGA|CID
MQ|LGA|CLE
MQ|LGA|CLT
MQ|LGA|CMH
MQ|LGA|CVG
MQ|LGA|DCA
MQ|LGA|DSM
MQ|LGA|DTW
MQ|LGA|FNT
MQ|LGA|MEM
MQ|LGA|MSN
MQ|LGA|PIT
MQ|LGA|RDU
MQ|LGA|SDF
MQ|LGA|TVC
MQ|LGA|XNA
MQ|LIT|DFW
MQ|LIT|ORD
MQ|LRD|DFW
MQ|LSE|ORD
MQ|MAF|DFW
MQ|MCI|DAL
MQ|MCI|ORD
MQ|MCI|RDU
MQ|MDT|DFW
MQ|MDT|ORD
MQ|MEM|LGA
MQ|MEM|MIA
MQ|MEM|ORD
MQ|MIA|CLE
MQ|MIA|CLT
MQ|MIA|CMH
MQ|MIA|CVG
MQ|MIA|GSO
MQ|MIA|IND
MQ|MIA|JAX
MQ|MIA|MEM
MQ|MIA|ORF
MQ|MIA|PIT
MQ|MIA|RIC
MQ|MIA|SDF
MQ|MIA|TLH
MQ|MIA|XNA
MQ|MKE|DFW
MQ|MKE|MQT
MQ|MKE|ORD
MQ|MLI|DFW
MQ|MLI|ORD
MQ|MLU|DFW
MQ|MOB|DFW
MQ|MOB|ORD
MQ|MQT|GRB
MQ|MQT|MKE
MQ|MQT|ORD
MQ|MRY|LAX
MQ|MSN|DFW
MQ|MSN|LGA
MQ|MSN|ORD
MQ|MSY|ORD
MQ|MTJ|DFW
MQ|OKC|DFW
MQ|OKC|ORD
MQ|OMA|ORD
MQ|ORD|ABQ
MQ|ORD|ALB
MQ|ORD|ATL
MQ|ORD|AZO
MQ|ORD|BDL
MQ|ORD|BHM
MQ|ORD|BMI
MQ|ORD|BNA
MQ|ORD|BTR
MQ|ORD|BUF
MQ|ORD|BWI
MQ|ORD|CHA
MQ|ORD|CID
MQ|ORD|CLE
MQ|ORD|CLT
MQ|ORD|CMH
MQ|ORD|CMI
MQ|ORD|CVG
MQ|ORD|CWA
MQ|ORD|DAL
MQ|ORD|DAY
MQ|ORD|DBQ
MQ|ORD|DCA
MQ|ORD|DSM
MQ|ORD|DTW
MQ|ORD|EVV
MQ|ORD|FNT
MQ|ORD|FWA
MQ|ORD|GPT
MQ|ORD|GRB
MQ|ORD|GRR
MQ|ORD|GSP
MQ|ORD|HPN
MQ|ORD|HSV
MQ|ORD|ICT
MQ|ORD|IND
MQ|ORD|JAN
MQ|ORD|JAX
MQ|ORD|JFK
MQ|ORD|LEX
MQ|ORD|LIT
MQ|ORD|LSE
MQ|ORD|MCI
MQ|ORD|MDT
MQ|ORD|MEM
MQ|ORD|MKE
MQ|ORD|MLI
MQ|ORD|MOB
MQ|ORD|MQT
MQ|ORD|MSN
MQ|ORD|MSY
MQ|ORD|OKC
MQ|ORD|OMA
MQ|ORD|PHL
MQ|ORD|PIA
MQ|ORD|PIT
MQ|ORD|PNS
MQ|ORD|PVD
MQ|ORD|RDU
MQ|ORD|RIC
MQ|ORD|ROC
MQ|ORD|RST
MQ|ORD|SDF
MQ|ORD|SGF
MQ|ORD|SHV
MQ|ORD|SPI
MQ|ORD|SYR
MQ|ORD|TOL
MQ|ORD|TUL
MQ|ORD|TVC
MQ|ORD|TYS
MQ|ORD|VPS
MQ|ORD|XNA
MQ|ORF|DFW
MQ|ORF|MIA
MQ|PHL|ORD
MQ|PIA|DFW
MQ|PIA|ORD
MQ|PIT|DFW
MQ|PIT|JFK
MQ|PIT|LGA
MQ|PIT|MIA
MQ|PIT|ORD
MQ|PNS|DFW
MQ|PNS|ORD
MQ|PVD|ORD
MQ|RDU|BDL
MQ|RDU|BOS
MQ|RDU|CMH
MQ|RDU|DCA
MQ|RDU|EWR
MQ|RDU|JAX
MQ|RDU|JFK
MQ|RDU|LGA
MQ|RDU|MCI
MQ|RDU|ORD
MQ|RDU|SDF
MQ|RDU|STL
MQ|RDU|XNA
MQ|RIC|MIA
MQ|RIC|ORD
MQ|ROC|DFW
MQ|ROC|ORD
MQ|ROW|DFW
MQ|RST|ORD
MQ|SAN|LAX
MQ|SAN|SJC
MQ|SAV|DFW
MQ|SBA|DFW
MQ|SBA|LAX
MQ|SBP|LAX
MQ|SDF|DFW
MQ|SDF|LGA
MQ|SDF|MIA
MQ|SDF|ORD
MQ|SDF|RDU
MQ|SFO|SNA
MQ|SGF|DFW
MQ|SGF|ORD
MQ|SGF|STL
MQ|SHV|DFW
MQ|SHV|ORD
MQ|SJC|LAX
MQ|SJC|SAN
MQ|SJC|SNA
MQ|SJT|DFW
MQ|SNA|SFO
MQ|SNA|SJC
MQ|SPI|ORD
MQ|SPS|DFW
MQ|STL|BNA
MQ|STL|JFK
MQ|STL|RDU
MQ|STL|SGF
MQ|SYR|DFW
MQ|SYR|ORD
MQ|TLH|MIA
MQ|TOL|ORD
MQ|TUL|DFW
MQ|TUL|ORD
MQ|TVC|LGA
MQ|TVC|ORD
MQ|TXK|DFW
MQ|TYR|DFW
MQ|TYS|DFW
MQ|TYS|ORD
MQ|VPS|DFW
MQ|VPS|ORD
MQ|XNA|DCA
MQ|XNA|DFW
MQ|XNA|LAX
MQ|XNA|LGA
MQ|XNA|MIA
MQ|XNA|ORD
MQ|XNA|RDU
NW|ABQ|MSP
NW|ALB|DTW
NW|ANC|DTW
NW|ANC|MSP
NW|ATL|DTW
NW|ATL|MEM
NW|ATL|MSP
NW|AUS|MSP
NW|AZO|DTW
NW|AZO|MSP
NW|BDL|DTW
NW|BDL|MSP
NW|BHM|MEM
NW|BIL|MSP
NW|BIS|MSP
NW|BNA|DTW
NW|BNA|MEM
NW|BNA|MSP
NW|BOI|MSP
NW|BOS|DTW
NW|BOS|MEM
NW|BOS|MSP
NW|BTR|MEM
NW|BUF|DTW
NW|BUF|MSP
NW|BWI|DTW
NW|BWI|MEM
NW|BWI|MSP
NW|BZN|DTW
NW|BZN|MSP
NW|CID|MSP
NW|CLE|DTW
NW|CLE|MSP
NW|CLT|DTW
NW|CLT|MSP
NW|CMH|DTW
NW|CMH|MEM
NW|CMH|MSP
NW|COS|MSP
NW|DCA|DTW
NW|DCA|MEM
NW|DCA|MSP
NW|DEN|DTW
NW|DEN|MEM
NW|DEN|MSP
NW|DFW|DTW
NW|DFW|MEM
NW|DFW|MSP
NW|DLH|MSP
NW|DSM|DTW
NW|DSM|MEM
NW|DSM|MSP
NW|DTW|ALB
NW|DTW|ANC
NW|DTW|ATL
NW|DTW|AZO
NW|DTW|BDL
NW|DTW|BHM
NW|DTW|BNA
NW|DTW|BOS
NW|DTW|BUF
NW|DTW|BWI
NW|DTW|BZN
NW|DTW|CLE
NW|DTW|CLT
NW|DTW|CMH
NW|DTW|DCA
NW|DTW|DEN
NW|DTW|DFW
NW|DTW|DSM
NW|DTW|EWR
NW|DTW|FLL
NW|DTW|FNT
NW|DTW|GRB
NW|DTW|GRR
NW|DTW|IAD
NW|DTW|IAH
NW|DTW|IND
NW|DTW|JAX
NW|DTW|JFK
NW|DTW|LAN
NW|DTW|LAS
NW|DTW|LAX
NW|DTW|LGA
NW|DTW|MBS
NW|DTW|MCI
NW|DTW|MCO
NW|DTW|MDT
NW|DTW|MDW
NW|DTW|MEM
NW|DTW|MHT
NW|DTW|MIA
NW|DTW|MKE
NW|DTW|MSN
NW|DTW|MSP
NW|DTW|MSY
NW|DTW|MYR
NW|DTW|OMA
NW|DTW|ORD
NW|DTW|ORF
NW|DTW|PBI
NW|DTW|PDX
NW|DTW|PHL
NW|DTW|PHX
NW|DTW|PIT
NW|DTW|PVD
NW|DTW|RDU
NW|DTW|ROC
NW|DTW|RSW
NW|DTW|SAN
NW|DTW|SAT
NW|DTW|SBN
NW|DTW|SDF
NW|DTW|SEA
NW|DTW|SFO
NW|DTW|SJU
NW|DTW|SLC
NW|DTW|SRQ
NW|DTW|STL
NW|DTW|STT
NW|DTW|SYR
NW|DTW|TPA
NW|DTW|TVC
NW|EGE|MSP
NW|EWR|DTW
NW|EWR|MEM
NW|EWR|MSP
NW|FAI|MSP
NW|FAR|MSP
NW|FCA|MSP
NW|FLL|DTW
NW|FLL|IND
NW|FLL|MEM
NW|FLL|MSP
NW|FNT|DTW
NW|FNT|MCO
NW|FNT|MSP
NW|FSD|MSP
NW|GEG|MSP
NW|GFK|MSP
NW|GPT|MEM
NW|GRB|DTW
NW|GRB|MSP
NW|GRR|DTW
NW|GRR|MCO
NW|GRR|MEM
NW|GRR|MSP
NW|HDN|MSP
NW|HNL|LAX
NW|HNL|MSP
NW|HNL|PDX
NW|HNL|SEA
NW|HNL|SFO
NW|IAD|DTW
NW|IAD|MSP
NW|IAH|DTW
NW|IAH|MEM
NW|IAH|MSP
NW|IND|DTW
NW|IND|FLL
NW|IND|LAS
NW|IND|LAX
NW|IND|LGA
NW|IND|MCO
NW|IND|MEM
NW|IND|MSP
NW|IND|RSW
NW|IND|SEA
NW|IND|SFO
NW|IND|TPA
NW|JAC|MSP
NW|JAX|DTW
NW|JAX|MEM
NW|JAX|MSP
NW|JFK|DTW
NW|JFK|MSP
NW|KOA|SEA
NW|LAN|DTW
NW|LAN|MSP
NW|LAS|DTW
NW|LAS|IND
NW|LAS|LAX
NW|LAS|MEM
NW|LAS|MSP
NW|LAX|DTW
NW|LAX|HNL
NW|LAX|IND
NW|LAX|LAS
NW|LAX|MEM
NW|LAX|MKE
NW|LAX|MSP
NW|LGA|DTW
NW|LGA|IND
NW|LGA|MEM
NW|LGA|MSP
NW|LIT|MEM
NW|LIT|MSP
NW|LSE|MSP
NW|MBS|DTW
NW|MBS|MSP
NW|MCI|DTW
NW|MCI|MEM
NW|MCI|MSP
NW|MCO|DTW
NW|MCO|FNT
NW|MCO|GRR
NW|MCO|IND
NW|MCO|MEM
NW|MCO|MSP
NW|MDT|DTW
NW|MDW|DTW
NW|MDW|MSP
NW|MEM|ATL
NW|MEM|AUS
NW|MEM|BHM
NW|MEM|BNA
NW|MEM|BOS
NW|MEM|BTR
NW|MEM|BWI
NW|MEM|CMH
NW|MEM|DCA
NW|MEM|DEN
NW|MEM|DFW
NW|MEM|DTW
NW|MEM|EWR
NW|MEM|FLL
NW|MEM|GPT
NW|MEM|GRR
NW|MEM|IAH
NW|MEM|IND
NW|MEM|JAX
NW|MEM|LAS
NW|MEM|LAX
NW|MEM|LGA
NW|MEM|LIT
NW|MEM|MCI
NW|MEM|MCO
NW|MEM|MIA
NW|MEM|MKE
NW|MEM|MSP
NW|MEM|MSY
NW|MEM|OKC
NW|MEM|OMA
NW|MEM|ORD
NW|MEM|PHL
NW|MEM|PHX
NW|MEM|SAN
NW|MEM|SAT
NW|MEM|SDF
NW|MEM|SEA
NW|MEM|SFO
NW|MEM|SJU
NW|MEM|STL
NW|MEM|TPA
NW|MEM|VPS
NW|MEM|XNA
NW|MHT|DTW
NW|MIA|DTW
NW|MIA|MEM
NW|MIA|MSP
NW|MKE|DTW
NW|MKE|LAX
NW|MKE|MEM
NW|MKE|MSP
NW|MOT|MSP
NW|MSN|DTW
NW|MSN|MSP
NW|MSO|MSP
NW|MSP|ABQ
NW|MSP|ANC
NW|MSP|ATL
NW|MSP|AUS
NW|MSP|BDL
NW|MSP|BIL
NW|MSP|BIS
NW|MSP|BNA
NW|MSP|BOI
NW|MSP|BOS
NW|MSP|BUF
NW|MSP|BWI
NW|MSP|BZN
NW|MSP|CID
NW|MSP|CLE
NW|MSP|CLT
NW|MSP|CMH
NW|MSP|COS
NW|MSP|DCA
NW|MSP|DEN
NW|MSP|DFW
NW|MSP|DLH
NW|MSP|DSM
NW|MSP|DTW
NW|MSP|EGE
NW|MSP|EWR
NW|MSP|FAI
NW|MSP|FAR
NW|MSP|FCA
NW|MSP|FLL
NW|MSP|FNT
NW|MSP|FSD
NW|MSP|GEG
NW|MSP|GFK
NW|MSP|GRB
NW|MSP|GRR
NW|MSP|HDN
NW|MSP|HNL
NW|MSP|IAD
NW|MSP|IAH
NW|MSP|IND
NW|MSP|JAC
NW|MSP|JAX
NW|MSP|JFK
NW|MSP|LAN
NW|MSP|LAS
NW|MSP|LAX
NW|MSP|LGA
NW|MSP|LIT
NW|MSP|LSE
NW|MSP|MBS
NW|MSP|MCI
NW|MSP|MCO
NW|MSP|MDW
NW|MSP|MEM
NW|MSP|MIA
NW|MSP|MKE
NW|MSP|MOT
NW|MSP|MSN
NW|MSP|MSO
NW|MSP|OMA
NW|MSP|ORD
NW|MSP|PDX
NW|MSP|PHL
NW|MSP|PHX
NW|MSP|PIT
NW|MSP|PSP
NW|MSP|PVD
NW|MSP|RAP
NW|MSP|RDU
NW|MSP|RST
NW|MSP|RSW
NW|MSP|SAN
NW|MSP|SAT
NW|MSP|SDF
NW|MSP|SEA
NW|MSP|SFO
NW|MSP|SJC
NW|MSP|SJU
NW|MSP|SLC
NW|MSP|SMF
NW|MSP|SNA
NW|MSP|STL
NW|MSP|TPA
NW|MSP|TUS
NW|MSP|TVC
NW|MSY|DTW
NW|MSY|MEM
NW|MSY|MSP
NW|MYR|DTW
NW|OGG|KOA
NW|OKC|MEM
NW|OMA|DTW
NW|OMA|MEM
NW|OMA|MSP
NW|ORD|DTW
NW|ORD|MEM
NW|ORD|MSP
NW|ORF|DTW
NW|PBI|DTW
NW|PDX|DTW
NW|PDX|HNL
NW|PDX|MSP
NW|PHL|DTW
NW|PHL|MEM
NW|PHL|MSP
NW|PHX|DTW
NW|PHX|MEM
NW|PHX|MSP
NW|PIT|DTW
NW|PIT|MSP
NW|PSP|MSP
NW|PVD|DTW
NW|PVD|MSP
NW|RAP|MSP
NW|RDU|DTW
NW|RDU|MSP
NW|ROC|DTW
NW|RST|MSP
NW|RSW|DTW
NW|RSW|IND
NW|RSW|MSP
NW|SAN|DTW
NW|SAN|MEM
NW|SAN|MSP
NW|SAT|DTW
NW|SAT|MEM
NW|SAT|MSP
NW|SBN|DTW
NW|SBN|MSP
NW|SDF|DTW
NW|SDF|MSP
NW|SEA|DTW
NW|SEA|HNL
NW|SEA|IND
NW|SEA|MEM
NW|SEA|MSP
NW|SEA|OGG
NW|SFO|DTW
NW|SFO|HNL
NW|SFO|IND
NW|SFO|MEM
NW|SFO|MSP
NW|SJC|MSP
NW|SJU|DTW
NW|SJU|MEM
NW|SJU|MSP
NW|SLC|DTW
NW|SLC|MSP
NW|SMF|MSP
NW|SNA|MSP
NW|SRQ|DTW
NW|STL|DTW
NW|STL|MEM
NW|STL|MSP
NW|STT|SJU
NW|SYR|DTW
NW|TPA|DTW
NW|TPA|IND
NW|TPA|MEM
NW|TPA|MSP
NW|TUS|MSP
NW|TVC|DTW
NW|TVC|MSP
NW|VPS|MEM
OH|ABE|ATL
OH|ABE|CVG
OH|ABE|JFK
OH|ABE|LGA
OH|ABE|PHL
OH|ACK|JFK
OH|ACY|LGA
OH|AGS|LGA
OH|ALB|ATL
OH|ALB|BOS
OH|ALB|CVG
OH|ALB|JFK
OH|ATL|ABE
OH|ATL|ALB
OH|ATL|ATW
OH|ATL|AUS
OH|ATL|AVP
OH|ATL|BDL
OH|ATL|BHM
OH|ATL|BNA
OH|ATL|BTR
OH|ATL|BTV
OH|ATL|BUF
OH|ATL|BWI
OH|ATL|CAE
OH|ATL|CAK
OH|ATL|CHA
OH|ATL|CLE
OH|ATL|CMH
OH|ATL|CVG
OH|ATL|DAY
OH|ATL|DFW
OH|ATL|DSM
OH|ATL|DTW
OH|ATL|EVV
OH|ATL|EWR
OH|ATL|FLL
OH|ATL|FSD
OH|ATL|FWA
OH|ATL|GRR
OH|ATL|GSO
OH|ATL|GSP
OH|ATL|HSV
OH|ATL|IAH
OH|ATL|ILM
OH|ATL|IND
OH|ATL|JAN
OH|ATL|JAX
OH|ATL|JFK
OH|ATL|LEX
OH|ATL|MCI
OH|ATL|MDT
OH|ATL|MDW
OH|ATL|MEM
OH|ATL|MHT
OH|ATL|MKE
OH|ATL|MOB
OH|ATL|MSP
OH|ATL|MSY
OH|ATL|MYR
OH|ATL|OKC
OH|ATL|OMA
OH|ATL|ORD
OH|ATL|ORF
OH|ATL|PHL
OH|ATL|PIT
OH|ATL|PVD
OH|ATL|RDU
OH|ATL|RIC
OH|ATL|ROC
OH|ATL|SAT
OH|ATL|SAV
OH|ATL|SDF
OH|ATL|SGF
OH|ATL|SRQ
OH|ATL|STL
OH|ATL|SYR
OH|ATL|TUL
OH|ATL|TYS
OH|ATW|ATL
OH|ATW|CVG
OH|AUS|ATL
OH|AUS|CVG
OH|AUS|DFW
OH|AUS|JFK
OH|AVL|CVG
OH|AVP|ATL
OH|AVP|CVG
OH|AVP|JFK
OH|AVP|LGA
OH|AZO|CVG
OH|BDL|CVG
OH|BDL|FLL
OH|BDL|JFK
OH|BDL|PBI
OH|BDL|RSW
OH|BDL|TPA
OH|BGR|BOS
OH|BGR|BTV
OH|BGR|CVG
OH|BGR|JFK
OH|BHM|ATL
OH|BHM|AUS
OH|BHM|CVG
OH|BHM|HSV
OH|BHM|JFK
OH|BHM|LGA
OH|BHM|MCO
OH|BNA|ATL
OH|BNA|BOS
OH|BNA|CVG
OH|BNA|IAH
OH|BNA|JFK
OH|BNA|MCO
OH|BOS|ACK
OH|BOS|BGR
OH|BOS|BNA
OH|BOS|BWI
OH|BOS|CHS
OH|BOS|CMH
OH|BOS|CVG
OH|BOS|DCA
OH|BOS|GSO
OH|BOS|JAX
OH|BOS|JFK
OH|BOS|MSY
OH|BOS|MYR
OH|BOS|ORF
OH|BOS|PHL
OH|BOS|RDU
OH|BOS|RSW
OH|BOS|SAV
OH|BOS|SDF
OH|BOS|TPA
OH|BTR|ATL
OH|BTR|DCA
OH|BTV|ATL
OH|BTV|CVG
OH|BTV|JFK
OH|BUF|ATL
OH|BUF|CVG
OH|BUF|JFK
OH|BWI|ATL
OH|BWI|BOS
OH|BWI|CVG
OH|BWI|JFK
OH|BWI|LGA
OH|CAE|ATL
OH|CAE|CVG
OH|CAK|ATL
OH|CAK|CVG
OH|CHA|ATL
OH|CHA|CVG
OH|CHO|DCA
OH|CHS|BOS
OH|CHS|CVG
OH|CHS|LGA
OH|CID|CVG
OH|CID|MSP
OH|CLE|ATL
OH|CLE|CVG
OH|CLE|JFK
OH|CLE|SYR
OH|CLT|CVG
OH|CLT|JFK
OH|CLT|LGA
OH|CMH|ATL
OH|CMH|BOS
OH|CMH|CVG
OH|CMH|DCA
OH|CMH|JFK
OH|CMH|LGA
OH|CMH|PBI
OH|CMH|RSW
OH|COS|CVG
OH|CRW|CVG
OH|CVG|ABE
OH|CVG|ALB
OH|CVG|ATL
OH|CVG|ATW
OH|CVG|AUS
OH|CVG|AVL
OH|CVG|AVP
OH|CVG|AZO
OH|CVG|BDL
OH|CVG|BGR
OH|CVG|BHM
OH|CVG|BNA
OH|CVG|BOS
OH|CVG|BTV
OH|CVG|BUF
OH|CVG|BWI
OH|CVG|CAE
OH|CVG|CAK
OH|CVG|CHA
OH|CVG|CHS
OH|CVG|CID
OH|CVG|CLE
OH|CVG|CLT
OH|CVG|CMH
OH|CVG|COS
OH|CVG|CRW
OH|CVG|DAY
OH|CVG|DCA
OH|CVG|DEN
OH|CVG|DFW
OH|CVG|DSM
OH|CVG|DTW
OH|CVG|EVV
OH|CVG|EWR
OH|CVG|FLL
OH|CVG|FSD
OH|CVG|GRB
OH|CVG|GRR
OH|CVG|GSO
OH|CVG|GSP
OH|CVG|HPN
OH|CVG|HSV
OH|CVG|HTS
OH|CVG|IAD
OH|CVG|IAH
OH|CVG|ILM
OH|CVG|IND
OH|CVG|JAN
OH|CVG|JAX
OH|CVG|JFK
OH|CVG|LAN
OH|CVG|LEX
OH|CVG|LGA
OH|CVG|LIT
OH|CVG|MCI
OH|CVG|MCO
OH|CVG|MDT
OH|CVG|MEM
OH|CVG|MHT
OH|CVG|MIA
OH|CVG|MKE
OH|CVG|MSN
OH|CVG|MSP
OH|CVG|MSY
OH|CVG|MYR
OH|CVG|OKC
OH|CVG|OMA
OH|CVG|ORD
OH|CVG|ORF
OH|CVG|PBI
OH|CVG|PFN
OH|CVG|PHL
OH|CVG|PIT
OH|CVG|PVD
OH|CVG|PWM
OH|CVG|RDU
OH|CVG|RIC
OH|CVG|ROC
OH|CVG|RSW
OH|CVG|SAT
OH|CVG|SAV
OH|CVG|SBN
OH|CVG|SCE
OH|CVG|SDF
OH|CVG|SGF
OH|CVG|SRQ
OH|CVG|STL
OH|CVG|SYR
OH|CVG|TOL
OH|CVG|TPA
OH|CVG|TRI
OH|CVG|TUL
OH|CVG|TVC
OH|CVG|TYS
OH|CVG|VPS
OH|CVG|XNA
OH|DAB|JAX
OH|DAB|LGA
OH|DAB|MCO
OH|DAY|ATL
OH|DAY|CVG
OH|DCA|BOS
OH|DCA|BTR
OH|DCA|CMH
OH|DCA|CVG
OH|DCA|HSV
OH|DCA|JAN
OH|DCA|JFK
OH|DCA|LEX
OH|DEN|CVG
OH|DFW|CVG
OH|DFW|JFK
OH|DSM|ATL
OH|DSM|CVG
OH|DTW|ATL
OH|DTW|CVG
OH|DTW|GRR
OH|DTW|JFK
OH|DTW|LAN
OH|DTW|ORD
OH|ERI|PIT
OH|EVV|ATL
OH|EVV|CVG
OH|EWR|ATL
OH|EWR|CVG
OH|EWR|TPA
OH|FLL|BDL
OH|FLL|CVG
OH|FLL|RDU
OH|FSD|ATL
OH|FSD|CVG
OH|FWA|ATL
OH|GRB|ATL
OH|GRB|CVG
OH|GRR|ATL
OH|GRR|CVG
OH|GSO|ATL
OH|GSO|BOS
OH|GSO|CLT
OH|GSO|CVG
OH|GSO|JAX
OH|GSO|LGA
OH|GSO|MCO
OH|GSO|ORF
OH|GSO|RDU
OH|GSP|ATL
OH|GSP|CVG
OH|GSP|LGA
OH|GSP|MCO
OH|HPN|CVG
OH|HPN|EWR
OH|HPN|JFK
OH|HSV|ATL
OH|HSV|BHM
OH|HSV|CVG
OH|HSV|DCA
OH|HSV|LGA
OH|HTS|CVG
OH|IAD|AUS
OH|IAD|CVG
OH|IAD|DCA
OH|IAD|JFK
OH|IAD|LGA
OH|IAH|ATL
OH|IAH|CVG
OH|IAH|JFK
OH|ILM|ATL
OH|ILM|CVG
OH|IND|ATL
OH|IND|CVG
OH|IND|JFK
OH|IND|PIT
OH|JAN|ATL
OH|JAN|CVG
OH|JAN|DCA
OH|JAX|BOS
OH|JAX|CVG
OH|JAX|LGA
OH|JFK|ACK
OH|JFK|ALB
OH|JFK|ATL
OH|JFK|AUS
OH|JFK|BDL
OH|JFK|BGR
OH|JFK|BNA
OH|JFK|BOS
OH|JFK|BTV
OH|JFK|BUF
OH|JFK|BWI
OH|JFK|CLE
OH|JFK|CLT
OH|JFK|CMH
OH|JFK|CVG
OH|JFK|DCA
OH|JFK|DFW
OH|JFK|DTW
OH|JFK|IAD
OH|JFK|IAH
OH|JFK|IND
OH|JFK|LGA
OH|JFK|MIA
OH|JFK|MSP
OH|JFK|ORD
OH|JFK|ORF
OH|JFK|PHL
OH|JFK|PIT
OH|JFK|PVD
OH|JFK|PWM
OH|JFK|RDU
OH|JFK|RIC
OH|JFK|ROC
OH|JFK|STL
OH|JFK|SYR
OH|JFK|TPA
OH|LAN|CVG
OH|LEX|ATL
OH|LEX|CVG
OH|LEX|DCA
OH|LEX|LGA
OH|LEX|MCO
OH|LGA|AGS
OH|LGA|ATL
OH|LGA|BHM
OH|LGA|CHS
OH|LGA|CLT
OH|LGA|CMH
OH|LGA|CVG
OH|LGA|DAB
OH|LGA|GSO
OH|LGA|GSP
OH|LGA|HSV
OH|LGA|JAX
OH|LGA|LEX
OH|LGA|MLB
OH|LGA|MSY
OH|LGA|MYR
OH|LGA|PBI
OH|LGA|RDU
OH|LGA|RIC
OH|LGA|RSW
OH|LGA|SAV
OH|LGA|TPA
OH|LGA|TYS
OH|LGA|VPS
OH|LIT|CVG
OH|MCI|ATL
OH|MCI|COS
OH|MCI|CVG
OH|MCN|ATL
OH|MCO|BHM
OH|MCO|BNA
OH|MCO|CMH
OH|MCO|CVG
OH|MCO|GSO
OH|MCO|GSP
OH|MCO|HSV
OH|MCO|JAX
OH|MCO|LEX
OH|MCO|LGA
OH|MCO|PBI
OH|MCO|RDU
OH|MCO|SDF
OH|MCO|TPA
OH|MCO|TYS
OH|MDT|ATL
OH|MDT|AVP
OH|MDT|BWI
OH|MDT|CVG
OH|MDT|DCA
OH|MDW|ATL
OH|MEM|ATL
OH|MEM|AUS
OH|MEM|CVG
OH|MHT|ATL
OH|MHT|BOS
OH|MHT|CVG
OH|MIA|CVG
OH|MIA|JFK
OH|MKE|ATL
OH|MKE|CVG
OH|MOB|ATL
OH|MSN|CVG
OH|MSN|MSP
OH|MSP|ATL
OH|MSP|CVG
OH|MSP|JFK
OH|MSY|ATL
OH|MSY|BOS
OH|MSY|CVG
OH|MSY|LGA
OH|MYR|ATL
OH|MYR|BOS
OH|MYR|CVG
OH|MYR|LGA
OH|OKC|ATL
OH|OKC|CVG
OH|OMA|ATL
OH|OMA|CVG
OH|ORD|ATL
OH|ORD|CVG
OH|ORD|JFK
OH|ORF|ATL
OH|ORF|BDL
OH|ORF|BOS
OH|ORF|CLT
OH|ORF|CVG
OH|ORF|JFK
OH|ORF|PBI
OH|PBI|BDL
OH|PBI|CMH
OH|PBI|CVG
OH|PBI|LGA
OH|PFN|CVG
OH|PHL|ATL
OH|PHL|BOS
OH|PHL|BWI
OH|PHL|CVG
OH|PHL|JFK
OH|PIT|ATL
OH|PIT|CVG
OH|PIT|JFK
OH|PVD|ATL
OH|PVD|BDL
OH|PVD|BOS
OH|PVD|CVG
OH|PVD|JFK
OH|PWM|BOS
OH|PWM|CVG
OH|PWM|JFK
OH|RDU|ATL
OH|RDU|BOS
OH|RDU|CVG
OH|RDU|FLL
OH|RDU|JFK
OH|RDU|LGA
OH|RDU|MCO
OH|RIC|ATL
OH|RIC|CVG
OH|RIC|DCA
OH|RIC|JAX
OH|RIC|JFK
OH|RIC|LGA
OH|RIC|RDU
OH|ROA|BWI
OH|ROA|CLT
OH|ROA|CVG
OH|ROC|CVG
OH|ROC|JFK
OH|RSW|BDL
OH|RSW|BOS
OH|RSW|CMH
OH|RSW|CVG
OH|RSW|LGA
OH|RSW|MIA
OH|RSW|PBI
OH|SAT|ATL
OH|SAT|CVG
OH|SAV|ATL
OH|SAV|BOS
OH|SAV|CVG
OH|SAV|LGA
OH|SBN|CVG
OH|SCE|CVG
OH|SDF|ATL
OH|SDF|BOS
OH|SDF|CVG
OH|SGF|ATL
OH|SGF|CVG
OH|SHV|IAH
OH|SRQ|ATL
OH|SRQ|CVG
OH|SRQ|TPA
OH|STL|ATL
OH|STL|CVG
OH|STL|JFK
OH|STL|OMA
OH|SWF|BDL
OH|SWF|BOS
OH|SYR|ATL
OH|SYR|CVG
OH|SYR|JFK
OH|TOL|CVG
OH|TPA|BDL
OH|TPA|BOS
OH|TPA|CVG
OH|TPA|JFK
OH|TPA|LGA
OH|TPA|MCO
OH|TRI|CVG
OH|TUL|ATL
OH|TUL|CVG
OH|TVC|CVG
OH|TYS|ATL
OH|TYS|AUS
OH|TYS|CVG
OH|TYS|LGA
OH|TYS|MCO
OH|VPS|CVG
OH|VPS|LGA
OH|XNA|CVG
OO|ABE|BHM
OO|ABE|ORD
OO|ABQ|DEN
OO|ABQ|IAH
OO|ABQ|LAX
OO|ABQ|ORD
OO|ABQ|SFO
OO|ABQ|SLC
OO|ACV|CEC
OO|ACV|MRY
OO|ACV|SFO
OO|ACV|SJC
OO|ACV|SLC
OO|ACV|SMF
OO|ALB|SBN
OO|ASE|ATL
OO|ASE|DEN
OO|ASE|LAX
OO|ASE|MSN
OO|ASE|ORD
OO|ASE|RFD
OO|ASE|SFO
OO|ASE|SLC
OO|ATL|ASE
OO|ATL|AUS
OO|ATL|BHM
OO|ATL|BNA
OO|ATL|BUF
OO|ATL|CHS
OO|ATL|CLE
OO|ATL|CMH
OO|ATL|COS
OO|ATL|CVG
OO|ATL|DEN
OO|ATL|DFW
OO|ATL|DSM
OO|ATL|DTW
OO|ATL|GSO
OO|ATL|GSP
OO|ATL|HOU
OO|ATL|HSV
OO|ATL|IAH
OO|ATL|JAN
OO|ATL|MCI
OO|ATL|MEM
OO|ATL|MKE
OO|ATL|MOB
OO|ATL|MSP
OO|ATL|MSY
OO|ATL|MTJ
OO|ATL|OKC
OO|ATL|OMA
OO|ATL|ORD
OO|ATL|ORF
OO|ATL|PIT
OO|ATL|PNS
OO|ATL|SAT
OO|ATL|STL
OO|ATL|TLH
OO|ATL|TUL
OO|ATL|VPS
OO|ATL|XNA
OO|ATW|DSM
OO|ATW|MKE
OO|ATW|ORD
OO|ATW|XNA
OO|AUS|ATL
OO|AUS|DEN
OO|AUS|DSM
OO|AUS|LAX
OO|AUS|MCI
OO|AUS|MSY
OO|AUS|ORD
OO|AUS|SLC
OO|AVP|ORD
OO|AZO|FAR
OO|AZO|ORD
OO|AZO|XNA
OO|BDL|GRB
OO|BDL|MKE
OO|BFL|DEN
OO|BFL|LAX
OO|BFL|SFO
OO|BFL|SLC
OO|BHM|DEN
OO|BHM|ORD
OO|BHM|SLC
OO|BIL|DEN
OO|BIL|GTF
OO|BIL|ORD
OO|BIL|PIH
OO|BIL|SLC
OO|BIS|DEN
OO|BIS|RAP
OO|BLI|SLC
OO|BMI|ORD
OO|BNA|ATL
OO|BNA|DEN
OO|BNA|FSD
OO|BNA|MKE
OO|BNA|ORD
OO|BNA|SLC
OO|BOI|DEN
OO|BOI|LAX
OO|BOI|ORD
OO|BOI|PIT
OO|BOI|SFO
OO|BOI|SLC
OO|BTM|SLC
OO|BTV|IND
OO|BTV|ORD
OO|BUF|ATL
OO|BUR|DEN
OO|BUR|SFO
OO|BUR|SLC
OO|BUR|TUS
OO|BWI|MKE
OO|BZN|DEN
OO|BZN|IDA
OO|BZN|LAX
OO|BZN|ORD
OO|BZN|SFO
OO|BZN|SLC
OO|CAK|ORD
OO|CDC|LAX
OO|CDC|SLC
OO|CEC|ACV
OO|CEC|SFO
OO|CHS|ORD
OO|CIC|FAT
OO|CIC|SFO
OO|CID|DEN
OO|CID|MKE
OO|CID|ORD
OO|CLD|LAX
OO|CLE|ATL
OO|CLE|DEN
OO|CLE|MKE
OO|CLE|OMA
OO|CLE|ORD
OO|CLE|SLC
OO|CLT|ATW
OO|CLT|GRR
OO|CLT|MKE
OO|CMH|ATL
OO|CMH|DEN
OO|CMH|GRB
OO|CMH|GRR
OO|CMH|ICT
OO|CMH|MCI
OO|CMH|MKE
OO|CMH|ORD
OO|CMH|SLC
OO|COD|DEN
OO|COD|SLC
OO|COS|ATL
OO|COS|CLE
OO|COS|DEN
OO|COS|LAN
OO|COS|LAX
OO|COS|MCI
OO|COS|ORD
OO|COS|SFO
OO|COS|SLC
OO|CPR|DEN
OO|CPR|ORD
OO|CPR|PIH
OO|CPR|SLC
OO|CRW|ORD
OO|CVG|ATL
OO|CVG|DEN
OO|CVG|DFW
OO|CVG|MSP
OO|CVG|ORD
OO|CVG|PHL
OO|CVG|SLC
OO|CWA|MKE
OO|CWA|ORD
OO|DAY|DEN
OO|DAY|MKE
OO|DAY|ORD
OO|DEN|ABQ
OO|DEN|ASE
OO|DEN|AUS
OO|DEN|BFL
OO|DEN|BHM
OO|DEN|BIL
OO|DEN|BIS
OO|DEN|BNA
OO|DEN|BOI
OO|DEN|BUR
OO|DEN|BZN
OO|DEN|CID
OO|DEN|CLE
OO|DEN|CMH
OO|DEN|COD
OO|DEN|COS
OO|DEN|CPR
OO|DEN|CVG
OO|DEN|DAY
OO|DEN|DFW
OO|DEN|DRO
OO|DEN|DSM
OO|DEN|DTW
OO|DEN|ELP
OO|DEN|EUG
OO|DEN|FAR
OO|DEN|FAT
OO|DEN|FCA
OO|DEN|FSD
OO|DEN|GJT
OO|DEN|GRR
OO|DEN|GTF
OO|DEN|GUC
OO|DEN|HDN
OO|DEN|HLN
OO|DEN|HSV
OO|DEN|IAH
OO|DEN|ICT
OO|DEN|IDA
OO|DEN|IND
OO|DEN|LAX
OO|DEN|LIT
OO|DEN|LNK
OO|DEN|MCI
OO|DEN|MEM
OO|DEN|MFR
OO|DEN|MKE
OO|DEN|MLI
OO|DEN|MRY
OO|DEN|MSN
OO|DEN|MSO
OO|DEN|MTJ
OO|DEN|OKC
OO|DEN|OMA
OO|DEN|ORD
OO|DEN|PDX
OO|DEN|PIA
OO|DEN|PIT
OO|DEN|PSC
OO|DEN|PSP
OO|DEN|RAP
OO|DEN|RDM
OO|DEN|RFD
OO|DEN|SAT
OO|DEN|SBA
OO|DEN|SFO
OO|DEN|SGF
OO|DEN|SLC
OO|DEN|TUL
OO|DEN|TUS
OO|DEN|TVC
OO|DEN|TYS
OO|DEN|XNA
OO|DFW|ATL
OO|DFW|CVG
OO|DFW|DEN
OO|DFW|LAX
OO|DFW|ORD
OO|DFW|SGF
OO|DFW|SLC
OO|DRO|ABQ
OO|DRO|DEN
OO|DRO|SLC
OO|DSM|ATL
OO|DSM|CWA
OO|DSM|DEN
OO|DSM|GJT
OO|DSM|LAX
OO|DSM|LNK
OO|DSM|MKE
OO|DSM|ORD
OO|DSM|ORF
OO|DSM|SLC
OO|DTW|ATL
OO|DTW|DEN
OO|DTW|ORD
OO|DTW|SLC
OO|EKO|SLC
OO|EKO|TWF
OO|ELP|DEN
OO|ELP|SLC
OO|EUG|DEN
OO|EUG|FAT
OO|EUG|MFR
OO|EUG|PDX
OO|EUG|SFO
OO|EUG|SLC
OO|EWR|MKE
OO|FAR|DEN
OO|FAR|MCI
OO|FAR|ORD
OO|FAR|SLC
OO|FAR|STL
OO|FAT|DEN
OO|FAT|LAS
OO|FAT|LAX
OO|FAT|OGD
OO|FAT|SBA
OO|FAT|SFO
OO|FAT|SLC
OO|FCA|DEN
OO|FCA|IDA
OO|FCA|ORD
OO|FCA|SFO
OO|FCA|SLC
OO|FNT|MKE
OO|FNT|MKG
OO|FSD|DEN
OO|FSD|MSN
OO|FSD|ORD
OO|FSD|PIA
OO|FSD|SLC
OO|FWA|ORD
OO|GCC|RKS
OO|GCC|SLC
OO|GEG|SEA
OO|GEG|SLC
OO|GJT|ASE
OO|GJT|DEN
OO|GJT|HDN
OO|GJT|LAX
OO|GJT|ORD
OO|GJT|SLC
OO|GRB|DEN
OO|GRB|GTF
OO|GRB|MKE
OO|GRB|ORD
OO|GRB|SDF
OO|GRR|DEN
OO|GRR|MKE
OO|GRR|ORD
OO|GSO|ATL
OO|GSP|ATL
OO|GTF|BZN
OO|GTF|DEN
OO|GTF|ORD
OO|GTF|SLC
OO|GUC|DEN
OO|GUC|SLC
OO|HDN|DEN
OO|HDN|ORD
OO|HDN|SLC
OO|HLN|DEN
OO|HLN|SLC
OO|HOU|ATL
OO|HPN|ORD
OO|HPN|PIA
OO|HSV|ATL
OO|HSV|DEN
OO|HSV|TUS
OO|IAH|ATL
OO|IAH|DEN
OO|IAH|ORD
OO|IAH|SAT
OO|IAH|SLC
OO|ICT|DEN
OO|ICT|LAX
OO|ICT|MSY
OO|ICT|ORD
OO|ICT|PIA
OO|ICT|SGF
OO|ICT|SLC
OO|IDA|DEN
OO|IDA|SLC
OO|IND|DEN
OO|IND|MKE
OO|IND|ORD
OO|IND|XNA
OO|IPL|LAX
OO|IPL|YUM
OO|IYK|BFL
OO|IYK|LAX
OO|JAC|SLC
OO|JAN|ATL
OO|LAN|ORD
OO|LAS|FAT
OO|LAS|LAX
OO|LAS|PSP
OO|LAS|SLC
OO|LAX|ABQ
OO|LAX|ASE
OO|LAX|AUS
OO|LAX|BFL
OO|LAX|BOI
OO|LAX|CLD
OO|LAX|COS
OO|LAX|DEN
OO|LAX|DFW
OO|LAX|DSM
OO|LAX|FAT
OO|LAX|GJT
OO|LAX|ICT
OO|LAX|IPL
OO|LAX|IYK
OO|LAX|LAS
OO|LAX|MFR
OO|LAX|MOD
OO|LAX|MRY
OO|LAX|MTJ
OO|LAX|OAK
OO|LAX|OKC
OO|LAX|ONT
OO|LAX|OXR
OO|LAX|PDX
OO|LAX|PHX
OO|LAX|PSP
OO|LAX|RNO
OO|LAX|SAN
OO|LAX|SAT
OO|LAX|SBA
OO|LAX|SBP
OO|LAX|SEA
OO|LAX|SGU
OO|LAX|SJC
OO|LAX|SLC
OO|LAX|SMF
OO|LAX|SMX
OO|LAX|SNA
OO|LAX|TUL
OO|LAX|TUS
OO|LAX|YUM
OO|LEX|COS
OO|LEX|ORD
OO|LGB|SLC
OO|LIT|DEN
OO|LIT|ORD
OO|LIT|SLC
OO|LMT|MFR
OO|LMT|PDX
OO|LMT|SFO
OO|LNK|ABE
OO|LNK|CRW
OO|LNK|DEN
OO|LNK|ORD
OO|LNK|PIA
OO|LWS|BOI
OO|LWS|SLC
OO|MBS|ORD
OO|MCI|ATL
OO|MCI|AUS
OO|MCI|CMH
OO|MCI|COS
OO|MCI|DEN
OO|MCI|EWR
OO|MCI|ICT
OO|MCI|LNK
OO|MCI|MKE
OO|MCI|MSN
OO|MCI|ORD
OO|MCI|PIT
OO|MCI|SAT
OO|MCI|SLC
OO|MEM|ATL
OO|MEM|DEN
OO|MEM|MCI
OO|MEM|ORD
OO|MFR|DEN
OO|MFR|MOD
OO|MFR|OTH
OO|MFR|PDX
OO|MFR|RDM
OO|MFR|SBA
OO|MFR|SFO
OO|MFR|SLC
OO|MKE|ATL
OO|MKE|ATW
OO|MKE|AVP
OO|MKE|BDL
OO|MKE|BNA
OO|MKE|BWI
OO|MKE|CLE
OO|MKE|CLT
OO|MKE|CMH
OO|MKE|CWA
OO|MKE|DAY
OO|MKE|DEN
OO|MKE|DSM
OO|MKE|EWR
OO|MKE|FAR
OO|MKE|FNT
OO|MKE|GRB
OO|MKE|GRR
OO|MKE|IND
OO|MKE|MCI
OO|MKE|MKG
OO|MKE|MSN
OO|MKE|MSP
OO|MKE|OMA
OO|MKE|ORD
OO|MKE|PHL
OO|MKE|PIT
OO|MKE|RDU
OO|MKE|SDF
OO|MKE|SLC
OO|MKE|STL
OO|MKG|FNT
OO|MKG|GRR
OO|MKG|MKE
OO|MLI|DEN
OO|MLI|ORD
OO|MOB|ATL
OO|MOD|BFL
OO|MOD|LAX
OO|MOD|RNO
OO|MOD|SFO
OO|MRY|DEN
OO|MRY|LAX
OO|MRY|SFO
OO|MRY|SLC
OO|MSN|DEN
OO|MSN|MCI
OO|MSN|MKE
OO|MSN|ORD
OO|MSN|RFD
OO|MSO|DEN
OO|MSO|ORD
OO|MSO|SFO
OO|MSO|SLC
OO|MSP|ATL
OO|MSP|CVG
OO|MSP|MKE
OO|MSP|SLC
OO|MSY|ATL
OO|MSY|OKC
OO|MSY|SLC
OO|MTJ|ATL
OO|MTJ|DEN
OO|MTJ|LAX
OO|MTJ|ORD
OO|MTJ|SLC
OO|OAK|LAX
OO|OAK|SLC
OO|OKC|ATL
OO|OKC|BMI
OO|OKC|DEN
OO|OKC|LAX
OO|OKC|ORD
OO|OKC|SLC
OO|OMA|ATL
OO|OMA|BHM
OO|OMA|GRB
OO|OMA|MKE
OO|OMA|ORD
OO|OMA|SLC
OO|ONT|LAX
OO|ONT|SFO
OO|ONT|SLC
OO|ORD|ABE
OO|ORD|ABQ
OO|ORD|ASE
OO|ORD|ATL
OO|ORD|ATW
OO|ORD|AUS
OO|ORD|AVP
OO|ORD|AZO
OO|ORD|BHM
OO|ORD|BIL
OO|ORD|BMI
OO|ORD|BNA
OO|ORD|BOI
OO|ORD|BTV
OO|ORD|BZN
OO|ORD|CAK
OO|ORD|CHS
OO|ORD|CID
OO|ORD|CLE
OO|ORD|CMH
OO|ORD|COS
OO|ORD|CPR
OO|ORD|CRW
OO|ORD|CVG
OO|ORD|CWA
OO|ORD|DAY
OO|ORD|DEN
OO|ORD|DFW
OO|ORD|DSM
OO|ORD|DTW
OO|ORD|FAR
OO|ORD|FCA
OO|ORD|FSD
OO|ORD|FWA
OO|ORD|GJT
OO|ORD|GRB
OO|ORD|GRR
OO|ORD|GTF
OO|ORD|HDN
OO|ORD|HPN
OO|ORD|IAH
OO|ORD|ICT
OO|ORD|IND
OO|ORD|LAN
OO|ORD|LEX
OO|ORD|LIT
OO|ORD|LNK
OO|ORD|MBS
OO|ORD|MCI
OO|ORD|MEM
OO|ORD|MKE
OO|ORD|MLI
OO|ORD|MSN
OO|ORD|MSO
OO|ORD|MSP
OO|ORD|MTJ
OO|ORD|OKC
OO|ORD|OMA
OO|ORD|ORF
OO|ORD|PIA
OO|ORD|PIT
OO|ORD|PVD
OO|ORD|RAP
OO|ORD|ROA
OO|ORD|SAT
OO|ORD|SAV
OO|ORD|SBN
OO|ORD|SDF
OO|ORD|SFO
OO|ORD|SGF
OO|ORD|SLC
OO|ORD|SPI
OO|ORD|SYR
OO|ORD|TUL
OO|ORD|TVC
OO|ORD|TYS
OO|ORD|XNA
OO|ORF|ATL
OO|ORF|BOI
OO|ORF|ORD
OO|OTH|PDX
OO|OTH|SFO
OO|OXR|LAX
OO|PDX|DEN
OO|PDX|EUG
OO|PDX|LAX
OO|PDX|LMT
OO|PDX|MFR
OO|PDX|OTH
OO|PDX|RDM
OO|PDX|SEA
OO|PDX|SFO
OO|PDX|SLC
OO|PHL|ATW
OO|PHL|CVG
OO|PHL|MKE
OO|PHX|LAX
OO|PHX|SLC
OO|PIA|DEN
OO|PIA|ORD
OO|PIH|SLC
OO|PIT|ATL
OO|PIT|DEN
OO|PIT|GRB
OO|PIT|MCI
OO|PIT|MKE
OO|PIT|ORD
OO|PIT|SLC
OO|PMD|SFO
OO|PNS|ATL
OO|PSC|DEN
OO|PSC|SLC
OO|PSP|DEN
OO|PSP|LAS
OO|PSP|LAX
OO|PSP|SFO
OO|PSP|SLC
OO|PSP|TWF
OO|PVD|ORD
OO|RAP|DEN
OO|RAP|ORD
OO|RAP|SLC
OO|RAP|TWF
OO|RDD|SFO
OO|RDD|SMF
OO|RDM|DEN
OO|RDM|IDA
OO|RDM|PDX
OO|RDM|SFO
OO|RDM|SLC
OO|RDU|GRB
OO|RDU|MKE
OO|RFD|DEN
OO|RIC|ORF
OO|RKS|GCC
OO|RKS|SLC
OO|RNO|LAX
OO|RNO|SFO
OO|RNO|SLC
OO|ROA|MSN
OO|ROA|ORD
OO|SAN|LAX
OO|SAN|SLC
OO|SAT|AMA
OO|SAT|ATL
OO|SAT|AUS
OO|SAT|DEN
OO|SAT|LAX
OO|SAT|MCI
OO|SAT|ORD
OO|SAT|SFO
OO|SAT|SLC
OO|SAV|ORD
OO|SBA|DEN
OO|SBA|LAX
OO|SBA|MRY
OO|SBA|SBP
OO|SBA|SFO
OO|SBA|SJC
OO|SBA|SLC
OO|SBN|ORD
OO|SBP|LAX
OO|SBP|MFR
OO|SBP|MRY
OO|SBP|SFO
OO|SBP|SLC
OO|SDF|CVG
OO|SDF|MKE
OO|SDF|ORD
OO|SDF|SLC
OO|SDF|SPI
OO|SEA|GEG
OO|SEA|LAX
OO|SEA|PDX
OO|SEA|SLC
OO|SFO|ABQ
OO|SFO|ACV
OO|SFO|ASE
OO|SFO|BFL
OO|SFO|BOI
OO|SFO|BUR
OO|SFO|BZN
OO|SFO|CEC
OO|SFO|CIC
OO|SFO|COS
OO|SFO|DEN
OO|SFO|EUG
OO|SFO|FAT
OO|SFO|FCA
OO|SFO|GJT
OO|SFO|LAX
OO|SFO|LMT
OO|SFO|MFR
OO|SFO|MOD
OO|SFO|MRY
OO|SFO|ONT
OO|SFO|OTH
OO|SFO|PDX
OO|SFO|PMD
OO|SFO|PSP
OO|SFO|RDD
OO|SFO|RDM
OO|SFO|RNO
OO|SFO|SAT
OO|SFO|SBA
OO|SFO|SBP
OO|SFO|SLC
OO|SFO|SMF
OO|SFO|SMX
OO|SFO|SNA
OO|SFO|TUS
OO|SGF|BNA
OO|SGF|DEN
OO|SGF|FSD
OO|SGF|ORD
OO|SGU|LAX
OO|SGU|SLC
OO|SJC|BFL
OO|SJC|LAX
OO|SJC|SBA
OO|SJC|SLC
OO|SLC|ABQ
OO|SLC|ACV
OO|SLC|ASE
OO|SLC|AUS
OO|SLC|BFL
OO|SLC|BHM
OO|SLC|BIL
OO|SLC|BLI
OO|SLC|BNA
OO|SLC|BOI
OO|SLC|BTM
OO|SLC|BUR
OO|SLC|BZN
OO|SLC|CDC
OO|SLC|CLE
OO|SLC|CMH
OO|SLC|COD
OO|SLC|COS
OO|SLC|CPR
OO|SLC|CVG
OO|SLC|CYS
OO|SLC|DEN
OO|SLC|DFW
OO|SLC|DRO
OO|SLC|DSM
OO|SLC|DTW
OO|SLC|EKO
OO|SLC|ELP
OO|SLC|EUG
OO|SLC|FAR
OO|SLC|FAT
OO|SLC|FCA
OO|SLC|FSD
OO|SLC|GCC
OO|SLC|GEG
OO|SLC|GJT
OO|SLC|GTF
OO|SLC|GUC
OO|SLC|HDN
OO|SLC|HLN
OO|SLC|IAH
OO|SLC|IDA
OO|SLC|JAC
OO|SLC|LAS
OO|SLC|LAX
OO|SLC|LBB
OO|SLC|LGB
OO|SLC|LIT
OO|SLC|LWS
OO|SLC|MCI
OO|SLC|MFR
OO|SLC|MKE
OO|SLC|MRY
OO|SLC|MSO
OO|SLC|MSP
OO|SLC|MSY
OO|SLC|MTJ
OO|SLC|OAK
OO|SLC|OKC
OO|SLC|OMA
OO|SLC|ONT
OO|SLC|ORD
OO|SLC|PDX
OO|SLC|PHX
OO|SLC|PIH
OO|SLC|PIT
OO|SLC|PSC
OO|SLC|PSP
OO|SLC|RAP
OO|SLC|RDM
OO|SLC|RKS
OO|SLC|RNO
OO|SLC|SAN
OO|SLC|SAT
OO|SLC|SBA
OO|SLC|SBP
OO|SLC|SDF
OO|SLC|SEA
OO|SLC|SFO
OO|SLC|SGF
OO|SLC|SGU
OO|SLC|SJC
OO|SLC|SLE
OO|SLC|SMF
OO|SLC|SNA
OO|SLC|STL
OO|SLC|SUN
OO|SLC|TUL
OO|SLC|TUS
OO|SLC|TWF
OO|SLC|WYS
OO|SLC|XNA
OO|SLC|YKM
OO|SLC|YUM
OO|SLE|SLC
OO|SMF|ACV
OO|SMF|LAX
OO|SMF|SBA
OO|SMF|SFO
OO|SMF|SLC
OO|SMX|LAX
OO|SNA|LAX
OO|SNA|SFO
OO|SNA|SLC
OO|SPI|ORD
OO|STL|ATL
OO|STL|DEN
OO|STL|MKE
OO|STL|SLC
OO|SUN|SLC
OO|SYR|ORD
OO|TLH|ATL
OO|TUL|ASE
OO|TUL|ATL
OO|TUL|DEN
OO|TUL|LAX
OO|TUL|ORD
OO|TUL|PIA
OO|TUL|SLC
OO|TUS|DEN
OO|TUS|LAX
OO|TUS|SFO
OO|TUS|SLC
OO|TVC|DEN
OO|TVC|MSN
OO|TVC|ORD
OO|TWF|BOI
OO|TWF|SLC
OO|TYS|DEN
OO|TYS|ORD
OO|VPS|ATL
OO|WYS|SLC
OO|XNA|ATL
OO|XNA|DEN
OO|XNA|LEX
OO|XNA|MEM
OO|XNA|ORD
OO|XNA|RFD
OO|XNA|SGF
OO|YKM|SLC
OO|YUM|IPL
OO|YUM|LAX
OO|YUM|SLC
UA|ABQ|DEN
UA|ABQ|IAD
UA|ABQ|LAX
UA|ALB|ORD
UA|ANC|DEN
UA|ANC|ORD
UA|ANC|SFO
UA|ATL|DEN
UA|ATL|ORD
UA|ATL|SFO
UA|AUS|DEN
UA|AUS|SFO
UA|BDL|IAD
UA|BDL|ORD
UA|BIL|DEN
UA|BOI|DEN
UA|BOI|ORD
UA|BOI|SFO
UA|BOS|DEN
UA|BOS|IAD
UA|BOS|LAX
UA|BOS|ORD
UA|BOS|SFO
UA|BTV|ORD
UA|BUF|ORD
UA|BUR|DEN
UA|BUR|SFO
UA|BWI|DEN
UA|BWI|LAX
UA|BWI|ORD
UA|BWI|SFO
UA|BZN|DEN
UA|BZN|ORD
UA|CLE|DEN
UA|CLE|ORD
UA|CLT|DEN
UA|CLT|ORD
UA|CMH|DEN
UA|CMH|ORD
UA|CVG|ORD
UA|DAY|ORD
UA|DCA|DEN
UA|DCA|ORD
UA|DEN|ABQ
UA|DEN|ANC
UA|DEN|ATL
UA|DEN|AUS
UA|DEN|BIL
UA|DEN|BOI
UA|DEN|BOS
UA|DEN|BUR
UA|DEN|BWI
UA|DEN|BZN
UA|DEN|CLE
UA|DEN|CLT
UA|DEN|CMH
UA|DEN|DCA
UA|DEN|DFW
UA|DEN|DSM
UA|DEN|DTW
UA|DEN|EGE
UA|DEN|EWR
UA|DEN|FLL
UA|DEN|FSD
UA|DEN|GEG
UA|DEN|GRR
UA|DEN|GUC
UA|DEN|HDN
UA|DEN|HNL
UA|DEN|IAD
UA|DEN|IAH
UA|DEN|ICT
UA|DEN|IND
UA|DEN|JAC
UA|DEN|KOA
UA|DEN|LAS
UA|DEN|LAX
UA|DEN|LGA
UA|DEN|LIH
UA|DEN|MCI
UA|DEN|MCO
UA|DEN|MIA
UA|DEN|MSO
UA|DEN|MSP
UA|DEN|MSY
UA|DEN|MTJ
UA|DEN|OAK
UA|DEN|OGG
UA|DEN|OKC
UA|DEN|OMA
UA|DEN|ONT
UA|DEN|ORD
UA|DEN|PDX
UA|DEN|PHL
UA|DEN|PHX
UA|DEN|PIT
UA|DEN|PSP
UA|DEN|RDU
UA|DEN|RNO
UA|DEN|SAN
UA|DEN|SAT
UA|DEN|SEA
UA|DEN|SFO
UA|DEN|SJC
UA|DEN|SLC
UA|DEN|SMF
UA|DEN|SNA
UA|DEN|STL
UA|DEN|TPA
UA|DEN|TUL
UA|DEN|TUS
UA|DFW|DEN
UA|DFW|ORD
UA|DFW|SFO
UA|DSM|DEN
UA|DSM|ORD
UA|DTW|DEN
UA|DTW|ORD
UA|EGE|DEN
UA|EGE|ORD
UA|EUG|SFO
UA|EWR|DEN
UA|EWR|LAX
UA|EWR|ORD
UA|EWR|SFO
UA|FLL|DEN
UA|FLL|IAD
UA|FLL|ORD
UA|FSD|DEN
UA|GEG|DEN
UA|GEG|ORD
UA|GRR|DEN
UA|GRR|ORD
UA|GSO|ORD
UA|GUC|DEN
UA|HDN|DEN
UA|HNL|DEN
UA|HNL|LAX
UA|HNL|ORD
UA|HNL|SAN
UA|HNL|SEA
UA|HNL|SFO
UA|IAD|ABQ
UA|IAD|BDL
UA|IAD|BOS
UA|IAD|DEN
UA|IAD|FLL
UA|IAD|IAH
UA|IAD|LAS
UA|IAD|LAX
UA|IAD|LGA
UA|IAD|MCO
UA|IAD|MIA
UA|IAD|MSY
UA|IAD|OAK
UA|IAD|ORD
UA|IAD|PDX
UA|IAD|PHX
UA|IAD|RDU
UA|IAD|SAN
UA|IAD|SEA
UA|IAD|SFO
UA|IAD|SJC
UA|IAD|SJU
UA|IAD|SMF
UA|IAD|STT
UA|IAD|TPA
UA|IAD|TUS
UA|IAH|DEN
UA|IAH|IAD
UA|IAH|ORD
UA|IAH|SFO
UA|ICT|DEN
UA|ICT|ORD
UA|IND|DEN
UA|IND|ORD
UA|JAC|DEN
UA|JAC|LAX
UA|JAC|ORD
UA|JAX|ORD
UA|JFK|LAX
UA|JFK|SFO
UA|KOA|DEN
UA|KOA|LAX
UA|KOA|ORD
UA|KOA|SFO
UA|LAS|DEN
UA|LAS|IAD
UA|LAS|LAX
UA|LAS|ORD
UA|LAS|SFO
UA|LAX|BOS
UA|LAX|BWI
UA|LAX|DEN
UA|LAX|EWR
UA|LAX|HNL
UA|LAX|IAD
UA|LAX|JAC
UA|LAX|JFK
UA|LAX|KOA
UA|LAX|LAS
UA|LAX|LIH
UA|LAX|MCO
UA|LAX|MSY
UA|LAX|OGG
UA|LAX|ORD
UA|LAX|PDX
UA|LAX|PHL
UA|LAX|PHX
UA|LAX|SEA
UA|LAX|SFO
UA|LAX|SMF
UA|LGA|DEN
UA|LGA|IAD
UA|LGA|ORD
UA|LIH|DEN
UA|LIH|LAX
UA|LIH|SFO
UA|MCI|DEN
UA|MCI|ORD
UA|MCO|DEN
UA|MCO|IAD
UA|MCO|LAX
UA|MCO|ORD
UA|MCO|SFO
UA|MDT|ORD
UA|MHT|ORD
UA|MIA|DEN
UA|MIA|IAD
UA|MIA|ORD
UA|MSO|DEN
UA|MSP|DEN
UA|MSP|ORD
UA|MSY|DEN
UA|MSY|IAD
UA|MSY|LAX
UA|MSY|ORD
UA|MTJ|DEN
UA|OAK|DEN
UA|OAK|IAD
UA|OAK|ORD
UA|OGG|DEN
UA|OGG|KOA
UA|OGG|LAX
UA|OGG|SFO
UA|OKC|DEN
UA|OMA|DEN
UA|OMA|ORD
UA|ONT|DEN
UA|ORD|ABQ
UA|ORD|ALB
UA|ORD|ANC
UA|ORD|ATL
UA|ORD|BDL
UA|ORD|BOI
UA|ORD|BOS
UA|ORD|BTV
UA|ORD|BUF
UA|ORD|BWI
UA|ORD|BZN
UA|ORD|CLE
UA|ORD|CLT
UA|ORD|CMH
UA|ORD|CVG
UA|ORD|DAY
UA|ORD|DCA
UA|ORD|DEN
UA|ORD|DFW
UA|ORD|DSM
UA|ORD|DTW
UA|ORD|EGE
UA|ORD|EWR
UA|ORD|FLL
UA|ORD|GEG
UA|ORD|GRR
UA|ORD|GSO
UA|ORD|HNL
UA|ORD|IAD
UA|ORD|IAH
UA|ORD|ICT
UA|ORD|IND
UA|ORD|JAC
UA|ORD|JAX
UA|ORD|LAS
UA|ORD|LAX
UA|ORD|LGA
UA|ORD|MCI
UA|ORD|MCO
UA|ORD|MDT
UA|ORD|MHT
UA|ORD|MIA
UA|ORD|MSP
UA|ORD|MSY
UA|ORD|OAK
UA|ORD|OGG
UA|ORD|OMA
UA|ORD|PBI
UA|ORD|PDX
UA|ORD|PHL
UA|ORD|PHX
UA|ORD|PIT
UA|ORD|PSP
UA|ORD|PVD
UA|ORD|RAP
UA|ORD|RDU
UA|ORD|RIC
UA|ORD|ROC
UA|ORD|RSW
UA|ORD|SAN
UA|ORD|SAT
UA|ORD|SEA
UA|ORD|SFO
UA|ORD|SJC
UA|ORD|SJU
UA|ORD|SLC
UA|ORD|SMF
UA|ORD|SNA
UA|ORD|STL
UA|ORD|STT
UA|ORD|TPA
UA|PBI|ORD
UA|PDX|DEN
UA|PDX|IAD
UA|PDX|LAX
UA|PDX|ORD
UA|PDX|SFO
UA|PHL|DEN
UA|PHL|LAX
UA|PHL|ORD
UA|PHL|SFO
UA|PHX|DEN
UA|PHX|IAD
UA|PHX|ORD
UA|PHX|SFO
UA|PIT|DEN
UA|PIT|ORD
UA|PSP|DEN
UA|PSP|ORD
UA|PVD|ORD
UA|RAP|ORD
UA|RDU|DEN
UA|RDU|IAD
UA|RDU|ORD
UA|RIC|ORD
UA|RNO|DEN
UA|RNO|SFO
UA|ROC|ORD
UA|RSW|ORD
UA|SAN|DEN
UA|SAN|HNL
UA|SAN|IAD
UA|SAN|ORD
UA|SAN|SFO
UA|SAT|DEN
UA|SAT|SFO
UA|SEA|DEN
UA|SEA|HNL
UA|SEA|IAD
UA|SEA|LAX
UA|SEA|ORD
UA|SEA|SFO
UA|SFO|ABQ
UA|SFO|ANC
UA|SFO|ATL
UA|SFO|AUS
UA|SFO|BOS
UA|SFO|BUR
UA|SFO|BWI
UA|SFO|DEN
UA|SFO|DFW
UA|SFO|EUG
UA|SFO|EWR
UA|SFO|HNL
UA|SFO|IAD
UA|SFO|IAH
UA|SFO|JFK
UA|SFO|KOA
UA|SFO|LAS
UA|SFO|LAX
UA|SFO|LIH
UA|SFO|MCO
UA|SFO|OGG
UA|SFO|ORD
UA|SFO|PDX
UA|SFO|PHL
UA|SFO|PHX
UA|SFO|RNO
UA|SFO|SAN
UA|SFO|SAT
UA|SFO|SEA
UA|SFO|SLC
UA|SFO|SNA
UA|SJC|DEN
UA|SJC|IAD
UA|SJC|ORD
UA|SJU|IAD
UA|SJU|ORD
UA|SLC|DEN
UA|SLC|LAX
UA|SLC|ORD
UA|SLC|SFO
UA|SMF|DEN
UA|SMF|IAD
UA|SMF|LAX
UA|SMF|ORD
UA|SNA|DEN
UA|SNA|ORD
UA|SNA|SFO
UA|STL|DEN
UA|STL|ORD
UA|STT|SJU
UA|TPA|DEN
UA|TPA|IAD
UA|TPA|ORD
UA|TUL|DEN
UA|TUS|DEN
UA|TUS|IAD
US|ABE|CLT
US|ABQ|PHX
US|ALB|CLT
US|ALB|DCA
US|ALB|PHL
US|ANC|LAS
US|ANC|PHX
US|ATL|CLT
US|ATL|LAS
US|ATL|PHL
US|ATL|PHX
US|AUS|PHX
US|BDL|CLT
US|BDL|DCA
US|BDL|PHL
US|BDL|PHX
US|BNA|CLT
US|BOI|PHX
US|BOS|CLT
US|BOS|DCA
US|BOS|LAS
US|BOS|LGA
US|BOS|PHL
US|BOS|PHX
US|BOS|PIT
US|BOS|SJU
US|BUF|CLT
US|BUF|DCA
US|BUF|PHL
US|BUR|PHX
US|BWI|CLT
US|BWI|LAS
US|BWI|MCO
US|BWI|PHL
US|BWI|PHX
US|CHS|CLT
US|CLE|CLT
US|CLE|PHX
US|CLT|ABE
US|CLT|ALB
US|CLT|ATL
US|CLT|BDL
US|CLT|BNA
US|CLT|BOS
US|CLT|BUF
US|CLT|BWI
US|CLT|CHS
US|CLT|CLE
US|CLT|DAB
US|CLT|DCA
US|CLT|DEN
US|CLT|DFW
US|CLT|DTW
US|CLT|EGE
US|CLT|EWR
US|CLT|FLL
US|CLT|IAD
US|CLT|IAH
US|CLT|ILM
US|CLT|IND
US|CLT|JAX
US|CLT|JFK
US|CLT|LAS
US|CLT|LAX
US|CLT|LGA
US|CLT|MCI
US|CLT|MCO
US|CLT|MDT
US|CLT|MHT
US|CLT|MIA
US|CLT|MSP
US|CLT|MSY
US|CLT|MYR
US|CLT|ORD
US|CLT|ORF
US|CLT|PBI
US|CLT|PDX
US|CLT|PHL
US|CLT|PHX
US|CLT|PIT
US|CLT|PVD
US|CLT|RDU
US|CLT|RIC
US|CLT|ROC
US|CLT|RSW
US|CLT|SAN
US|CLT|SAV
US|CLT|SDF
US|CLT|SEA
US|CLT|SFO
US|CLT|SJU
US|CLT|SMF
US|CLT|STL
US|CLT|STT
US|CLT|STX
US|CLT|SYR
US|CLT|TPA
US|CLT|TUS
US|CMH|LAS
US|CMH|PHX
US|DAB|CLT
US|DCA|ALB
US|DCA|BDL
US|DCA|BOS
US|DCA|BUF
US|DCA|CLT
US|DCA|FLL
US|DCA|IND
US|DCA|JAX
US|DCA|LAS
US|DCA|LGA
US|DCA|MCO
US|DCA|MHT
US|DCA|MSY
US|DCA|PBI
US|DCA|PHX
US|DCA|PIT
US|DCA|PVD
US|DCA|RSW
US|DCA|SRQ
US|DCA|SYR
US|DCA|TPA
US|DEN|CLT
US|DEN|PHL
US|DEN|PHX
US|DEN|PIT
US|DFW|CLT
US|DFW|LAS
US|DFW|PHL
US|DFW|PHX
US|DTW|CLT
US|DTW|LAS
US|DTW|PHL
US|DTW|PHX
US|EGE|CLT
US|ELP|PHX
US|EWR|CLT
US|EWR|LAS
US|EWR|PHX
US|FAT|LAS
US|FLL|CLT
US|FLL|DCA
US|FLL|LAS
US|FLL|PHL
US|FLL|PHX
US|FLL|PIT
US|GEG|PHX
US|HNL|PHX
US|IAD|CLT
US|IAD|PHX
US|IAH|CLT
US|IAH|PHX
US|ILM|CLT
US|IND|CLT
US|IND|DCA
US|IND|PHL
US|IND|PHX
US|JAX|CLT
US|JAX|DCA
US|JAX|PHL
US|JFK|CLT
US|JFK|LAS
US|JFK|PHX
US|KOA|PHX
US|LAS|ANC
US|LAS|ATL
US|LAS|BOS
US|LAS|BWI
US|LAS|CLT
US|LAS|CMH
US|LAS|DCA
US|LAS|DFW
US|LAS|DTW
US|LAS|EWR
US|LAS|FAT
US|LAS|FLL
US|LAS|JFK
US|LAS|LAX
US|LAS|MCO
US|LAS|MIA
US|LAS|MSP
US|LAS|OAK
US|LAS|ONT
US|LAS|ORD
US|LAS|PBI
US|LAS|PDX
US|LAS|PHL
US|LAS|PHX
US|LAS|PIT
US|LAS|RNO
US|LAS|SAN
US|LAS|SEA
US|LAS|SFO
US|LAS|SJC
US|LAS|SMF
US|LAS|SNA
US|LAS|TPA
US|LAX|CLT
US|LAX|LAS
US|LAX|PHL
US|LAX|PHX
US|LAX|PIT
US|LGA|BOS
US|LGA|CLT
US|LGA|DCA
US|LGA|PIT
US|LGA|STT
US|LIH|PHX
US|MCI|CLT
US|MCI|PHX
US|MCO|BWI
US|MCO|CLT
US|MCO|DCA
US|MCO|LAS
US|MCO|PHL
US|MCO|PHX
US|MCO|PIT
US|MCO|PVD
US|MDT|CLT
US|MHT|CLT
US|MHT|DCA
US|MHT|PHL
US|MIA|CLT
US|MIA|LAS
US|MIA|PHL
US|MIA|PIT
US|MKE|PHX
US|MSP|CLT
US|MSP|LAS
US|MSP|PHL
US|MSP|PHX
US|MSY|CLT
US|MSY|DCA
US|MSY|PHL
US|MYR|CLT
US|OAK|LAS
US|OAK|PHX
US|OGG|PHX
US|OMA|PHX
US|ONT|LAS
US|ONT|PHX
US|ORD|CLT
US|ORD|LAS
US|ORD|PHL
US|ORD|PHX
US|ORF|CLT
US|PBI|CLT
US|PBI|DCA
US|PBI|LAS
US|PBI|PHL
US|PBI|PIT
US|PDX|CLT
US|PDX|LAS
US|PDX|PHL
US|PDX|PHX
US|PHL|ALB
US|PHL|ATL
US|PHL|BDL
US|PHL|BOS
US|PHL|BUF
US|PHL|BWI
US|PHL|CLT
US|PHL|DCA
US|PHL|DEN
US|PHL|DFW
US|PHL|DTW
US|PHL|FLL
US|PHL|IND
US|PHL|JAX
US|PHL|LAS
US|PHL|LAX
US|PHL|MCO
US|PHL|MHT
US|PHL|MIA
US|PHL|MSP
US|PHL|MSY
US|PHL|ORD
US|PHL|ORF
US|PHL|PBI
US|PHL|PDX
US|PHL|PHX
US|PHL|PIT
US|PHL|PVD
US|PHL|RDU
US|PHL|RIC
US|PHL|RSW
US|PHL|SAN
US|PHL|SEA
US|PHL|SFO
US|PHL|SJU
US|PHL|SMF
US|PHL|STT
US|PHL|SYR
US|PHL|TPA
US|PHX|ABQ
US|PHX|ANC
US|PHX|ATL
US|PHX|AUS
US|PHX|BDL
US|PHX|BOI
US|PHX|BOS
US|PHX|BUR
US|PHX|BWI
US|PHX|CLE
US|PHX|CLT
US|PHX|CMH
US|PHX|DCA
US|PHX|DEN
US|PHX|DFW
US|PHX|DTW
US|PHX|ELP
US|PHX|EWR
US|PHX|FLL
US|PHX|GEG
US|PHX|HNL
US|PHX|IAD
US|PHX|IAH
US|PHX|IND
US|PHX|JFK
US|PHX|KOA
US|PHX|LAS
US|PHX|LAX
US|PHX|LIH
US|PHX|MCI
US|PHX|MCO
US|PHX|MKE
US|PHX|MSP
US|PHX|OAK
US|PHX|OGG
US|PHX|OMA
US|PHX|ONT
US|PHX|ORD
US|PHX|PDX
US|PHX|PHL
US|PHX|PIT
US|PHX|RDU
US|PHX|RNO
US|PHX|SAN
US|PHX|SAT
US|PHX|SEA
US|PHX|SFO
US|PHX|SJC
US|PHX|SLC
US|PHX|SMF
US|PHX|SNA
US|PHX|STL
US|PHX|TPA
US|PHX|TUS
US|PIT|BOS
US|PIT|CLT
US|PIT|DEN
US|PIT|FLL
US|PIT|LAS
US|PIT|LAX
US|PIT|LGA
US|PIT|MCO
US|PIT|MIA
US|PIT|PHL
US|PIT|PHX
US|PIT|RSW
US|PIT|SFO
US|PIT|TPA
US|PVD|CLT
US|PVD|DCA
US|PVD|MCO
US|PVD|PHL
US|RDU|CLT
US|RDU|PHL
US|RDU|PHX
US|RIC|CLT
US|RIC|PHL
US|RNO|LAS
US|RNO|PHX
US|ROC|CLT
US|RSW|CLT
US|RSW|DCA
US|RSW|PHL
US|RSW|PIT
US|SAN|CLT
US|SAN|LAS
US|SAN|PHL
US|SAN|PHX
US|SAT|PHX
US|SAV|CLT
US|SDF|CLT
US|SEA|CLT
US|SEA|LAS
US|SEA|PHL
US|SEA|PHX
US|SFO|CLT
US|SFO|LAS
US|SFO|PHL
US|SFO|PHX
US|SFO|PIT
US|SJC|LAS
US|SJC|PHX
US|SJU|BOS
US|SJU|CLT
US|SJU|PHL
US|SLC|LAS
US|SLC|PHX
US|SMF|CLT
US|SMF|LAS
US|SMF|PHL
US|SMF|PHX
US|SNA|LAS
US|SNA|PHX
US|SRQ|DCA
US|STL|CLT
US|STL|PHX
US|STT|CLT
US|STT|LGA
US|STT|PHL
US|STX|CLT
US|SYR|CLT
US|SYR|DCA
US|SYR|PHL
US|TPA|CLT
US|TPA|DCA
US|TPA|LAS
US|TPA|PHL
US|TPA|PHX
US|TPA|PIT
US|TUS|CLT
US|TUS|PHX
WN|ABQ|AMA
WN|ABQ|BWI
WN|ABQ|DAL
WN|ABQ|DEN
WN|ABQ|ELP
WN|ABQ|HOU
WN|ABQ|LAS
WN|ABQ|LAX
WN|ABQ|LBB
WN|ABQ|MAF
WN|ABQ|MCI
WN|ABQ|MCO
WN|ABQ|MDW
WN|ABQ|OAK
WN|ABQ|PDX
WN|ABQ|PHX
WN|ABQ|SAN
WN|ABQ|SEA
WN|ABQ|SLC
WN|ABQ|STL
WN|ABQ|TPA
WN|ABQ|TUS
WN|ALB|BWI
WN|ALB|FLL
WN|ALB|LAS
WN|ALB|MCO
WN|ALB|MDW
WN|ALB|TPA
WN|AMA|ABQ
WN|AMA|DAL
WN|AMA|DEN
WN|AMA|LAS
WN|AUS|BNA
WN|AUS|BWI
WN|AUS|DAL
WN|AUS|DEN
WN|AUS|ELP
WN|AUS|FLL
WN|AUS|HOU
WN|AUS|HRL
WN|AUS|LAS
WN|AUS|LAX
WN|AUS|LBB
WN|AUS|MAF
WN|AUS|MCO
WN|AUS|MDW
WN|AUS|OAK
WN|AUS|PHL
WN|AUS|PHX
WN|AUS|SAN
WN|AUS|TPA
WN|BDL|BNA
WN|BDL|BWI
WN|BDL|LAS
WN|BDL|MCO
WN|BDL|MDW
WN|BDL|TPA
WN|BHM|BNA
WN|BHM|BWI
WN|BHM|DAL
WN|BHM|HOU
WN|BHM|JAX
WN|BHM|LAS
WN|BHM|MCO
WN|BHM|MDW
WN|BHM|MSY
WN|BHM|PHX
WN|BHM|SDF
WN|BHM|STL
WN|BHM|TPA
WN|BNA|AUS
WN|BNA|BDL
WN|BNA|BHM
WN|BNA|BWI
WN|BNA|CLE
WN|BNA|CMH
WN|BNA|DEN
WN|BNA|DTW
WN|BNA|FLL
WN|BNA|HOU
WN|BNA|JAX
WN|BNA|LAS
WN|BNA|LAX
WN|BNA|MCI
WN|BNA|MCO
WN|BNA|MDW
WN|BNA|MSY
WN|BNA|OAK
WN|BNA|ONT
WN|BNA|ORF
WN|BNA|PHL
WN|BNA|PHX
WN|BNA|PVD
WN|BNA|RDU
WN|BNA|SAN
WN|BNA|SAT
WN|BNA|SEA
WN|BNA|TPA
WN|BOI|GEG
WN|BOI|LAS
WN|BOI|OAK
WN|BOI|PDX
WN|BOI|RNO
WN|BOI|SEA
WN|BOI|SLC
WN|BUF|BWI
WN|BUF|FLL
WN|BUF|LAS
WN|BUF|MCO
WN|BUF|MDW
WN|BUF|PHX
WN|BUF|TPA
WN|BUR|LAS
WN|BUR|OAK
WN|BUR|PHX
WN|BUR|SJC
WN|BUR|SMF
WN|BWI|ABQ
WN|BWI|ALB
WN|BWI|AUS
WN|BWI|BDL
WN|BWI|BHM
WN|BWI|BNA
WN|BWI|BUF
WN|BWI|CLE
WN|BWI|CMH
WN|BWI|DEN
WN|BWI|DTW
WN|BWI|FLL
WN|BWI|HOU
WN|BWI|IND
WN|BWI|ISP
WN|BWI|JAN
WN|BWI|JAX
WN|BWI|LAS
WN|BWI|LIT
WN|BWI|MCI
WN|BWI|MCO
WN|BWI|MDW
WN|BWI|MHT
WN|BWI|MSY
WN|BWI|OKC
WN|BWI|ORF
WN|BWI|PBI
WN|BWI|PHX
WN|BWI|PIT
WN|BWI|PVD
WN|BWI|RDU
WN|BWI|RSW
WN|BWI|SAN
WN|BWI|SAT
WN|BWI|SDF
WN|BWI|SLC
WN|BWI|STL
WN|BWI|TPA
WN|CLE|BNA
WN|CLE|BWI
WN|CLE|LAS
WN|CLE|MCO
WN|CLE|MDW
WN|CLE|STL
WN|CMH|BNA
WN|CMH|BWI
WN|CMH|LAS
WN|CMH|MCO
WN|CMH|MDW
WN|CMH|PHL
WN|CMH|PHX
WN|CMH|STL
WN|CMH|TPA
WN|CRP|HOU
WN|DAL|ABQ
WN|DAL|AMA
WN|DAL|AUS
WN|DAL|BHM
WN|DAL|ELP
WN|DAL|HOU
WN|DAL|HRL
WN|DAL|LBB
WN|DAL|LIT
WN|DAL|MAF
WN|DAL|MCI
WN|DAL|MSY
WN|DAL|OKC
WN|DAL|SAT
WN|DAL|STL
WN|DAL|TUL
WN|DEN|ABQ
WN|DEN|AMA
WN|DEN|AUS
WN|DEN|BNA
WN|DEN|BWI
WN|DEN|FLL
WN|DEN|HOU
WN|DEN|IND
WN|DEN|LAS
WN|DEN|LAX
WN|DEN|MCI
WN|DEN|MCO
WN|DEN|MDW
WN|DEN|MSY
WN|DEN|OAK
WN|DEN|OKC
WN|DEN|OMA
WN|DEN|PDX
WN|DEN|PHL
WN|DEN|PHX
WN|DEN|RDU
WN|DEN|SAN
WN|DEN|SAT
WN|DEN|SEA
WN|DEN|SFO
WN|DEN|SJC
WN|DEN|SLC
WN|DEN|SMF
WN|DEN|SNA
WN|DEN|STL
WN|DEN|TPA
WN|DEN|TUL
WN|DTW|BNA
WN|DTW|BWI
WN|DTW|MCO
WN|DTW|MDW
WN|DTW|PHX
WN|DTW|STL
WN|ELP|ABQ
WN|ELP|AUS
WN|ELP|DAL
WN|ELP|HOU
WN|ELP|LAS
WN|ELP|LAX
WN|ELP|LBB
WN|ELP|PHX
WN|ELP|SAN
WN|ELP|SAT
WN|FLL|ALB
WN|FLL|AUS
WN|FLL|BNA
WN|FLL|BUF
WN|FLL|BWI
WN|FLL|DEN
WN|FLL|HOU
WN|FLL|ISP
WN|FLL|JAX
WN|FLL|LAS
WN|FLL|MCI
WN|FLL|MCO
WN|FLL|MDW
WN|FLL|MHT
WN|FLL|MSY
WN|FLL|PHL
WN|FLL|PVD
WN|FLL|RDU
WN|FLL|STL
WN|FLL|TPA
WN|GEG|BOI
WN|GEG|LAS
WN|GEG|OAK
WN|GEG|PDX
WN|GEG|SEA
WN|GEG|SLC
WN|HOU|ABQ
WN|HOU|AUS
WN|HOU|BHM
WN|HOU|BNA
WN|HOU|BWI
WN|HOU|CRP
WN|HOU|DAL
WN|HOU|DEN
WN|HOU|ELP
WN|HOU|FLL
WN|HOU|HRL
WN|HOU|JAN
WN|HOU|JAX
WN|HOU|LAS
WN|HOU|LAX
WN|HOU|LIT
WN|HOU|MAF
WN|HOU|MCO
WN|HOU|MDW
WN|HOU|MSY
WN|HOU|OAK
WN|HOU|OKC
WN|HOU|PHL
WN|HOU|PHX
WN|HOU|SAN
WN|HOU|SAT
WN|HOU|STL
WN|HOU|TPA
WN|HOU|TUL
WN|HRL|AUS
WN|HRL|DAL
WN|HRL|HOU
WN|HRL|SAT
WN|IAD|LAS
WN|IAD|MCO
WN|IAD|MDW
WN|IAD|TPA
WN|IND|BWI
WN|IND|DEN
WN|IND|JAX
WN|IND|LAS
WN|IND|MCI
WN|IND|MCO
WN|IND|MDW
WN|IND|PHX
WN|IND|TPA
WN|ISP|BWI
WN|ISP|FLL
WN|ISP|LAS
WN|ISP|MCO
WN|ISP|MDW
WN|ISP|PBI
WN|ISP|RSW
WN|ISP|TPA
WN|JAN|BWI
WN|JAN|HOU
WN|JAN|MCO
WN|JAN|MDW
WN|JAX|BHM
WN|JAX|BNA
WN|JAX|BWI
WN|JAX|FLL
WN|JAX|HOU
WN|JAX|IND
WN|JAX|LAS
WN|JAX|ORF
WN|JAX|PHL
WN|JAX|TPA
WN|LAS|ABQ
WN|LAS|ALB
WN|LAS|AMA
WN|LAS|AUS
WN|LAS|BDL
WN|LAS|BHM
WN|LAS|BNA
WN|LAS|BOI
WN|LAS|BUF
WN|LAS|BUR
WN|LAS|BWI
WN|LAS|CLE
WN|LAS|CMH
WN|LAS|DEN
WN|LAS|ELP
WN|LAS|FLL
WN|LAS|GEG
WN|LAS|HOU
WN|LAS|IAD
WN|LAS|IND
WN|LAS|ISP
WN|LAS|JAX
WN|LAS|LAX
WN|LAS|LBB
WN|LAS|LIT
WN|LAS|MAF
WN|LAS|MCI
WN|LAS|MCO
WN|LAS|MDW
WN|LAS|MHT
WN|LAS|MSY
WN|LAS|OAK
WN|LAS|OKC
WN|LAS|OMA
WN|LAS|ONT
WN|LAS|ORF
WN|LAS|PDX
WN|LAS|PHL
WN|LAS|PHX
WN|LAS|PIT
WN|LAS|PVD
WN|LAS|RDU
WN|LAS|RNO
WN|LAS|SAN
WN|LAS|SAT
WN|LAS|SDF
WN|LAS|SEA
WN|LAS|SFO
WN|LAS|SJC
WN|LAS|SLC
WN|LAS|SMF
WN|LAS|SNA
WN|LAS|STL
WN|LAS|TPA
WN|LAS|TUL
WN|LAS|TUS
WN|LAX|ABQ
WN|LAX|AUS
WN|LAX|BNA
WN|LAX|DEN
WN|LAX|ELP
WN|LAX|HOU
WN|LAX|LAS
WN|LAX|MCI
WN|LAX|MDW
WN|LAX|OAK
WN|LAX|PHX
WN|LAX|RNO
WN|LAX|SAT
WN|LAX|SFO
WN|LAX|SJC
WN|LAX|SLC
WN|LAX|SMF
WN|LAX|STL
WN|LAX|TUS
WN|LBB|ABQ
WN|LBB|AUS
WN|LBB|DAL
WN|LBB|ELP
WN|LBB|LAS
WN|LIT|BWI
WN|LIT|DAL
WN|LIT|HOU
WN|LIT|LAS
WN|LIT|MDW
WN|LIT|PHX
WN|LIT|STL
WN|MAF|ABQ
WN|MAF|AUS
WN|MAF|DAL
WN|MAF|HOU
WN|MAF|LAS
WN|MCI|ABQ
WN|MCI|BNA
WN|MCI|BWI
WN|MCI|DAL
WN|MCI|DEN
WN|MCI|FLL
WN|MCI|IND
WN|MCI|LAS
WN|MCI|LAX
WN|MCI|MCO
WN|MCI|MDW
WN|MCI|OAK
WN|MCI|OKC
WN|MCI|PDX
WN|MCI|PHX
WN|MCI|SAN
WN|MCI|SEA
WN|MCI|SMF
WN|MCI|STL
WN|MCI|TPA
WN|MCI|TUL
WN|MCO|ABQ
WN|MCO|ALB
WN|MCO|AUS
WN|MCO|BDL
WN|MCO|BHM
WN|MCO|BNA
WN|MCO|BUF
WN|MCO|BWI
WN|MCO|CLE
WN|MCO|CMH
WN|MCO|DEN
WN|MCO|DTW
WN|MCO|FLL
WN|MCO|HOU
WN|MCO|IAD
WN|MCO|IND
WN|MCO|ISP
WN|MCO|JAN
WN|MCO|LAS
WN|MCO|MCI
WN|MCO|MDW
WN|MCO|MHT
WN|MCO|MSY
WN|MCO|OMA
WN|MCO|ORF
WN|MCO|PHL
WN|MCO|PHX
WN|MCO|PIT
WN|MCO|PVD
WN|MCO|RDU
WN|MCO|RSW
WN|MCO|SAT
WN|MCO|SDF
WN|MCO|SLC
WN|MCO|STL
WN|MCO|TUL
WN|MDW|ABQ
WN|MDW|ALB
WN|MDW|AUS
WN|MDW|BDL
WN|MDW|BHM
WN|MDW|BNA
WN|MDW|BUF
WN|MDW|BWI
WN|MDW|CLE
WN|MDW|CMH
WN|MDW|DEN
WN|MDW|DTW
WN|MDW|FLL
WN|MDW|HOU
WN|MDW|IAD
WN|MDW|IND
WN|MDW|ISP
WN|MDW|JAN
WN|MDW|LAS
WN|MDW|LAX
WN|MDW|LIT
WN|MDW|MCI
WN|MDW|MCO
WN|MDW|MHT
WN|MDW|MSY
WN|MDW|OAK
WN|MDW|OMA
WN|MDW|ORF
WN|MDW|PDX
WN|MDW|PHL
WN|MDW|PHX
WN|MDW|PIT
WN|MDW|PVD
WN|MDW|RDU
WN|MDW|RNO
WN|MDW|RSW
WN|MDW|SAN
WN|MDW|SAT
WN|MDW|SDF
WN|MDW|SEA
WN|MDW|SFO
WN|MDW|SJC
WN|MDW|SLC
WN|MDW|SMF
WN|MDW|STL
WN|MDW|TPA
WN|MDW|TUS
WN|MHT|BWI
WN|MHT|FLL
WN|MHT|LAS
WN|MHT|MCO
WN|MHT|MDW
WN|MHT|PHL
WN|MHT|PHX
WN|MHT|TPA
WN|MSY|BHM
WN|MSY|BNA
WN|MSY|BWI
WN|MSY|DAL
WN|MSY|DEN
WN|MSY|FLL
WN|MSY|HOU
WN|MSY|LAS
WN|MSY|MCO
WN|MSY|MDW
WN|MSY|PHX
WN|MSY|TPA
WN|OAK|ABQ
WN|OAK|AUS
WN|OAK|BNA
WN|OAK|BOI
WN|OAK|BUR
WN|OAK|DEN
WN|OAK|GEG
WN|OAK|HOU
WN|OAK|LAS
WN|OAK|LAX
WN|OAK|MCI
WN|OAK|MDW
WN|OAK|ONT
WN|OAK|PDX
WN|OAK|PHX
WN|OAK|RNO
WN|OAK|SAN
WN|OAK|SEA
WN|OAK|SLC
WN|OAK|SNA
WN|OAK|TUS
WN|OKC|BWI
WN|OKC|DAL
WN|OKC|DEN
WN|OKC|HOU
WN|OKC|LAS
WN|OKC|MCI
WN|OKC|MCO
WN|OKC|PHX
WN|OKC|STL
WN|OMA|DEN
WN|OMA|LAS
WN|OMA|MCO
WN|OMA|MDW
WN|OMA|PHX
WN|OMA|STL
WN|ONT|BNA
WN|ONT|LAS
WN|ONT|OAK
WN|ONT|PHX
WN|ONT|RNO
WN|ONT|SJC
WN|ONT|SMF
WN|ORF|BNA
WN|ORF|BWI
WN|ORF|JAX
WN|ORF|LAS
WN|ORF|MCO
WN|ORF|MDW
WN|ORF|TPA
WN|PBI|BWI
WN|PBI|ISP
WN|PBI|PHL
WN|PBI|TPA
WN|PDX|ABQ
WN|PDX|BOI
WN|PDX|DEN
WN|PDX|GEG
WN|PDX|LAS
WN|PDX|MCI
WN|PDX|MDW
WN|PDX|OAK
WN|PDX|PHX
WN|PDX|RNO
WN|PDX|SJC
WN|PDX|SLC
WN|PDX|SMF
WN|PHL|AUS
WN|PHL|BNA
WN|PHL|CMH
WN|PHL|DEN
WN|PHL|FLL
WN|PHL|HOU
WN|PHL|JAX
WN|PHL|LAS
WN|PHL|MCO
WN|PHL|MDW
WN|PHL|MHT
WN|PHL|PBI
WN|PHL|PHX
WN|PHL|PIT
WN|PHL|PVD
WN|PHL|RDU
WN|PHL|RSW
WN|PHL|SAT
WN|PHL|STL
WN|PHL|TPA
WN|PHX|ABQ
WN|PHX|AUS
WN|PHX|BHM
WN|PHX|BNA
WN|PHX|BUF
WN|PHX|BUR
WN|PHX|BWI
WN|PHX|CMH
WN|PHX|DEN
WN|PHX|DTW
WN|PHX|ELP
WN|PHX|HOU
WN|PHX|IND
WN|PHX|LAS
WN|PHX|LAX
WN|PHX|LIT
WN|PHX|MCI
WN|PHX|MCO
WN|PHX|MDW
WN|PHX|MHT
WN|PHX|MSY
WN|PHX|OAK
WN|PHX|OKC
WN|PHX|OMA
WN|PHX|ONT
WN|PHX|PDX
WN|PHX|PHL
WN|PHX|PIT
WN|PHX|PVD
WN|PHX|RDU
WN|PHX|RNO
WN|PHX|SAN
WN|PHX|SAT
WN|PHX|SDF
WN|PHX|SEA
WN|PHX|SFO
WN|PHX|SJC
WN|PHX|SLC
WN|PHX|SMF
WN|PHX|SNA
WN|PHX|STL
WN|PHX|TPA
WN|PHX|TUL
WN|PIT|BWI
WN|PIT|LAS
WN|PIT|MCO
WN|PIT|MDW
WN|PIT|PHL
WN|PIT|PHX
WN|PIT|TPA
WN|PVD|BNA
WN|PVD|BWI
WN|PVD|FLL
WN|PVD|LAS
WN|PVD|MCO
WN|PVD|MDW
WN|PVD|PHL
WN|PVD|PHX
WN|PVD|TPA
WN|RDU|BNA
WN|RDU|BWI
WN|RDU|DEN
WN|RDU|FLL
WN|RDU|LAS
WN|RDU|MCO
WN|RDU|MDW
WN|RDU|PHL
WN|RDU|PHX
WN|RDU|TPA
WN|RNO|BOI
WN|RNO|LAS
WN|RNO|LAX
WN|RNO|MDW
WN|RNO|OAK
WN|RNO|ONT
WN|RNO|PDX
WN|RNO|PHX
WN|RNO|SAN
WN|RNO|SEA
WN|RNO|SJC
WN|RNO|SLC
WN|RSW|BWI
WN|RSW|ISP
WN|RSW|MCO
WN|RSW|MDW
WN|RSW|PHL
WN|RSW|STL
WN|SAN|ABQ
WN|SAN|AUS
WN|SAN|BNA
WN|SAN|BWI
WN|SAN|DEN
WN|SAN|ELP
WN|SAN|HOU
WN|SAN|LAS
WN|SAN|MCI
WN|SAN|MDW
WN|SAN|OAK
WN|SAN|PHX
WN|SAN|RNO
WN|SAN|SAT
WN|SAN|SFO
WN|SAN|SJC
WN|SAN|SLC
WN|SAN|SMF
WN|SAN|TUS
WN|SAT|BNA
WN|SAT|BWI
WN|SAT|DAL
WN|SAT|DEN
WN|SAT|ELP
WN|SAT|HOU
WN|SAT|HRL
WN|SAT|LAS
WN|SAT|LAX
WN|SAT|MCO
WN|SAT|MDW
WN|SAT|PHL
WN|SAT|PHX
WN|SAT|SAN
WN|SAT|TPA
WN|SDF|BHM
WN|SDF|BWI
WN|SDF|LAS
WN|SDF|MCO
WN|SDF|MDW
WN|SDF|PHX
WN|SDF|STL
WN|SDF|TPA
WN|SEA|ABQ
WN|SEA|BNA
WN|SEA|BOI
WN|SEA|DEN
WN|SEA|GEG
WN|SEA|LAS
WN|SEA|MCI
WN|SEA|MDW
WN|SEA|OAK
WN|SEA|PHX
WN|SEA|RNO
WN|SEA|SJC
WN|SEA|SLC
WN|SEA|SMF
WN|SFO|DEN
WN|SFO|LAS
WN|SFO|LAX
WN|SFO|MDW
WN|SFO|PHX
WN|SFO|SAN
WN|SJC|BUR
WN|SJC|DEN
WN|SJC|LAS
WN|SJC|LAX
WN|SJC|MDW
WN|SJC|ONT
WN|SJC|PDX
WN|SJC|PHX
WN|SJC|RNO
WN|SJC|SAN
WN|SJC|SEA
WN|SJC|SNA
WN|SLC|ABQ
WN|SLC|BOI
WN|SLC|BWI
WN|SLC|DEN
WN|SLC|GEG
WN|SLC|LAS
WN|SLC|LAX
WN|SLC|MCO
WN|SLC|MDW
WN|SLC|OAK
WN|SLC|PDX
WN|SLC|PHX
WN|SLC|RNO
WN|SLC|SAN
WN|SLC|SEA
WN|SLC|STL
WN|SMF|BUR
WN|SMF|DEN
WN|SMF|LAS
WN|SMF|LAX
WN|SMF|MCI
WN|SMF|MDW
WN|SMF|ONT
WN|SMF|PDX
WN|SMF|PHX
WN|SMF|SAN
WN|SMF|SEA
WN|SMF|SNA
WN|SNA|DEN
WN|SNA|LAS
WN|SNA|OAK
WN|SNA|PHX
WN|SNA|SJC
WN|SNA|SMF
WN|STL|ABQ
WN|STL|BHM
WN|STL|BWI
WN|STL|CLE
WN|STL|CMH
WN|STL|DAL
WN|STL|DEN
WN|STL|DTW
WN|STL|FLL
WN|STL|HOU
WN|STL|LAS
WN|STL|LAX
WN|STL|LIT
WN|STL|MCI
WN|STL|MCO
WN|STL|MDW
WN|STL|OKC
WN|STL|OMA
WN|STL|PHL
WN|STL|PHX
WN|STL|RSW
WN|STL|SDF
WN|STL|SLC
WN|STL|TPA
WN|STL|TUL
WN|TPA|ABQ
WN|TPA|ALB
WN|TPA|AUS
WN|TPA|BDL
WN|TPA|BHM
WN|TPA|BNA
WN|TPA|BUF
WN|TPA|BWI
WN|TPA|CMH
WN|TPA|DEN
WN|TPA|FLL
WN|TPA|HOU
WN|TPA|IAD
WN|TPA|IND
WN|TPA|ISP
WN|TPA|JAX
WN|TPA|LAS
WN|TPA|MCI
WN|TPA|MDW
WN|TPA|MHT
WN|TPA|MSY
WN|TPA|ORF
WN|TPA|PBI
WN|TPA|PHL
WN|TPA|PHX
WN|TPA|PIT
WN|TPA|PVD
WN|TPA|RDU
WN|TPA|SAT
WN|TPA|SDF
WN|TPA|STL
WN|TUL|DAL
WN|TUL|DEN
WN|TUL|HOU
WN|TUL|LAS
WN|TUL|MCI
WN|TUL|PHX
WN|TUL|STL
WN|TUS|ABQ
WN|TUS|LAS
WN|TUS|LAX
WN|TUS|MDW
WN|TUS|OAK
WN|TUS|SAN
XE|ABE|CLE
XE|ABQ|AMA
XE|ABQ|AUS
XE|ABQ|CLE
XE|ABQ|IAH
XE|ABQ|MAF
XE|ABQ|OKC
XE|ABQ|ONT
XE|ABQ|SAT
XE|ABQ|SLC
XE|ABQ|SMF
XE|ABQ|TUL
XE|ACK|EWR
XE|AEX|IAH
XE|ALB|CLE
XE|ALB|EWR
XE|AMA|IAH
XE|AMA|TUL
XE|ATL|CLE
XE|ATL|EWR
XE|ATL|IAH
XE|AUS|ABQ
XE|AUS|CLE
XE|AUS|IAH
XE|AUS|JAX
XE|AUS|MCI
XE|AUS|MSY
XE|AUS|OKC
XE|AUS|ONT
XE|AUS|TUL
XE|AUS|TUS
XE|AVL|EWR
XE|AVL|IAH
XE|BDL|CLE
XE|BDL|EWR
XE|BFL|LAX
XE|BFL|SAN
XE|BFL|SMF
XE|BGR|EWR
XE|BHM|CLE
XE|BHM|EWR
XE|BHM|IAH
XE|BHM|RDU
XE|BNA|CLE
XE|BNA|EWR
XE|BNA|IAH
XE|BOI|GEG
XE|BOI|LAX
XE|BOI|ONT
XE|BOI|SAN
XE|BOI|SLC
XE|BOS|CLE
XE|BOS|EWR
XE|BPT|IAH
XE|BRO|IAH
XE|BTR|IAH
XE|BTV|CLE
XE|BTV|EWR
XE|BUF|CLE
XE|BUF|EWR
XE|BWI|CLE
XE|BWI|EWR
XE|CAE|EWR
XE|CAE|IAH
XE|CHA|IAH
XE|CHS|CLE
XE|CHS|EWR
XE|CHS|IAD
XE|CHS|IAH
XE|CLE|ABE
XE|CLE|ABQ
XE|CLE|ALB
XE|CLE|ATL
XE|CLE|AUS
XE|CLE|BDL
XE|CLE|BHM
XE|CLE|BNA
XE|CLE|BOS
XE|CLE|BTV
XE|CLE|BUF
XE|CLE|BWI
XE|CLE|CHS
XE|CLE|CLT
XE|CLE|CMH
XE|CLE|DAB
XE|CLE|DAY
XE|CLE|DCA
XE|CLE|DEN
XE|CLE|DFW
XE|CLE|DSM
XE|CLE|DTW
XE|CLE|GRR
XE|CLE|GSO
XE|CLE|GSP
XE|CLE|IAD
XE|CLE|IND
XE|CLE|JAX
XE|CLE|LEX
XE|CLE|LGA
XE|CLE|MCI
XE|CLE|MDT
XE|CLE|MDW
XE|CLE|MEM
XE|CLE|MHT
XE|CLE|MIA
XE|CLE|MKE
XE|CLE|MSN
XE|CLE|MSP
XE|CLE|MSY
XE|CLE|OKC
XE|CLE|OMA
XE|CLE|ORD
XE|CLE|ORF
XE|CLE|PBI
XE|CLE|PHL
XE|CLE|PVD
XE|CLE|PWM
XE|CLE|RDU
XE|CLE|RIC
XE|CLE|ROC
XE|CLE|RSW
XE|CLE|SAT
XE|CLE|SAV
XE|CLE|SDF
XE|CLE|SRQ
XE|CLE|STL
XE|CLE|SYR
XE|CLE|TPA
XE|CLE|TYS
XE|CLL|IAH
XE|CLT|CLE
XE|CLT|EWR
XE|CLT|IAH
XE|CLT|RDU
XE|CMH|CLE
XE|CMH|EWR
XE|CMH|IAH
XE|COS|ABQ
XE|COS|DEN
XE|COS|IAH
XE|COS|MCI
XE|COS|ONT
XE|COS|SAN
XE|COS|SMF
XE|CRP|IAH
XE|CRW|IAH
XE|CVG|EWR
XE|CVG|IAH
XE|DAB|CLE
XE|DAB|EWR
XE|DAL|IAH
XE|DAL|TUL
XE|DAY|CLE
XE|DAY|EWR
XE|DAY|IAH
XE|DCA|CLE
XE|DCA|EWR
XE|DCA|IAH
XE|DEN|CLE
XE|DEN|LAX
XE|DEN|SLC
XE|DFW|CLE
XE|DFW|IAH
XE|DSM|CLE
XE|DSM|IAH
XE|DTW|CLE
XE|DTW|EWR
XE|ELP|IAH
XE|ELP|ONT
XE|ELP|TUS
XE|EUG|LAX
XE|EUG|SLC
XE|EWR|ACK
XE|EWR|ALB
XE|EWR|ATL
XE|EWR|AVL
XE|EWR|BDL
XE|EWR|BGR
XE|EWR|BHM
XE|EWR|BNA
XE|EWR|BOS
XE|EWR|BTV
XE|EWR|BUF
XE|EWR|BWI
XE|EWR|CAE
XE|EWR|CHS
XE|EWR|CLT
XE|EWR|CMH
XE|EWR|CVG
XE|EWR|DAB
XE|EWR|DAY
XE|EWR|DCA
XE|EWR|DTW
XE|EWR|GRR
XE|EWR|GSO
XE|EWR|GSP
XE|EWR|IAD
XE|EWR|IND
XE|EWR|JAN
XE|EWR|JAX
XE|EWR|LEX
XE|EWR|LIT
XE|EWR|MCI
XE|EWR|MDW
XE|EWR|MEM
XE|EWR|MHT
XE|EWR|MKE
XE|EWR|MSN
XE|EWR|MSP
XE|EWR|MSY
XE|EWR|MYR
XE|EWR|OKC
XE|EWR|OMA
XE|EWR|ORD
XE|EWR|ORF
XE|EWR|PHL
XE|EWR|PIT
XE|EWR|PVD
XE|EWR|PWM
XE|EWR|RDU
XE|EWR|RIC
XE|EWR|ROC
XE|EWR|SAV
XE|EWR|SDF
XE|EWR|STL
XE|EWR|SYR
XE|EWR|TUL
XE|EWR|TYS
XE|EWR|XNA
XE|FAT|LGB
XE|FAT|MRY
XE|FAT|ONT
XE|FAT|SAN
XE|FAT|SLC
XE|GEG|LAX
XE|GEG|LGB
XE|GEG|ONT
XE|GEG|RNO
XE|GEG|SAN
XE|GEG|SLC
XE|GEG|SMF
XE|GEG|TUS
XE|GPT|IAH
XE|GRK|IAH
XE|GRR|CLE
XE|GRR|EWR
XE|GRR|IAH
XE|GSO|CLE
XE|GSO|EWR
XE|GSO|IAH
XE|GSP|CLE
XE|GSP|EWR
XE|GSP|IAH
XE|HRL|IAH
XE|HSV|IAD
XE|HSV|IAH
XE|IAD|CHS
XE|IAD|CLE
XE|IAD|EWR
XE|IAD|HSV
XE|IAD|IAH
XE|IAD|JAX
XE|IAD|PIT
XE|IAD|SAV
XE|IAH|ABQ
XE|IAH|AEX
XE|IAH|AMA
XE|IAH|ATL
XE|IAH|AUS
XE|IAH|AVL
XE|IAH|BHM
XE|IAH|BNA
XE|IAH|BPT
XE|IAH|BRO
XE|IAH|BTR
XE|IAH|CAE
XE|IAH|CHA
XE|IAH|CHS
XE|IAH|CLL
XE|IAH|CLT
XE|IAH|CMH
XE|IAH|COS
XE|IAH|CRP
XE|IAH|CRW
XE|IAH|CVG
XE|IAH|DAL
XE|IAH|DAY
XE|IAH|DCA
XE|IAH|DFW
XE|IAH|DSM
XE|IAH|ELP
XE|IAH|GPT
XE|IAH|GRK
XE|IAH|GRR
XE|IAH|GSO
XE|IAH|GSP
XE|IAH|HRL
XE|IAH|HSV
XE|IAH|IAD
XE|IAH|ICT
XE|IAH|IND
XE|IAH|JAN
XE|IAH|JAX
XE|IAH|LBB
XE|IAH|LCH
XE|IAH|LEX
XE|IAH|LFT
XE|IAH|LIT
XE|IAH|LRD
XE|IAH|MAF
XE|IAH|MCI
XE|IAH|MCO
XE|IAH|MEM
XE|IAH|MFE
XE|IAH|MGM
XE|IAH|MKE
XE|IAH|MLU
XE|IAH|MOB
XE|IAH|MSP
XE|IAH|MSY
XE|IAH|MTJ
XE|IAH|OKC
XE|IAH|OMA
XE|IAH|ORD
XE|IAH|ORF
XE|IAH|PBI
XE|IAH|PHX
XE|IAH|PIT
XE|IAH|PNS
XE|IAH|PSP
XE|IAH|RDU
XE|IAH|RIC
XE|IAH|RSW
XE|IAH|SAT
XE|IAH|SAV
XE|IAH|SDF
XE|IAH|SHV
XE|IAH|SLC
XE|IAH|SRQ
XE|IAH|STL
XE|IAH|TLH
XE|IAH|TPA
XE|IAH|TUL
XE|IAH|TUS
XE|IAH|TYS
XE|IAH|VPS
XE|IAH|XNA
XE|ICT|IAH
XE|ICT|LAX
XE|ICT|MCI
XE|ICT|OKC
XE|IDA|SLC
XE|IND|CLE
XE|IND|EWR
XE|IND|IAH
XE|JAN|EWR
XE|JAN|IAH
XE|JAX|AUS
XE|JAX|CLE
XE|JAX|EWR
XE|JAX|IAD
XE|JAX|IAH
XE|JAX|MCI
XE|JAX|MSY
XE|JAX|RDU
XE|LAS|LAX
XE|LAS|SLC
XE|LAX|BOI
XE|LAX|DEN
XE|LAX|EUG
XE|LAX|GEG
XE|LAX|ICT
XE|LAX|LAS
XE|LAX|OKC
XE|LAX|PDX
XE|LAX|PHX
XE|LAX|RNO
XE|LAX|SEA
XE|LAX|SFO
XE|LAX|SJC
XE|LAX|SLC
XE|LAX|SMF
XE|LAX|TUS
XE|LBB|IAH
XE|LCH|IAH
XE|LEX|CLE
XE|LEX|EWR
XE|LEX|IAH
XE|LFT|IAH
XE|LGA|CLE
XE|LGB|FAT
XE|LGB|GEG
XE|LGB|MRY
XE|LGB|ONT
XE|LGB|RNO
XE|LIT|EWR
XE|LIT|IAH
XE|LRD|IAH
XE|MAF|AUS
XE|MAF|IAH
XE|MCI|AUS
XE|MCI|CLE
XE|MCI|EWR
XE|MCI|IAH
XE|MCI|JAX
XE|MCI|MSY
XE|MCI|OMA
XE|MCI|ONT
XE|MCI|RDU
XE|MCI|SLC
XE|MCI|TUS
XE|MCO|CLE
XE|MCO|IAH
XE|MDT|CLE
XE|MDW|CLE
XE|MDW|EWR
XE|MEM|CLE
XE|MEM|EWR
XE|MEM|IAH
XE|MFE|IAH
XE|MGM|IAH
XE|MHT|CLE
XE|MHT|EWR
XE|MIA|CLE
XE|MKE|CLE
XE|MKE|EWR
XE|MKE|IAH
XE|MLU|IAH
XE|MOB|IAH
XE|MRY|LGB
XE|MRY|ONT
XE|MRY|SAN
XE|MSN|CLE
XE|MSN|EWR
XE|MSP|CLE
XE|MSP|EWR
XE|MSP|IAH
XE|MSY|AUS
XE|MSY|CLE
XE|MSY|EWR
XE|MSY|IAH
XE|MSY|JAX
XE|MSY|MCI
XE|MSY|RDU
XE|MSY|SAT
XE|MTJ|IAH
XE|MYR|EWR
XE|OKC|ABQ
XE|OKC|AUS
XE|OKC|CLE
XE|OKC|EWR
XE|OKC|IAH
XE|OKC|LAX
XE|OKC|ONT
XE|OKC|SAN
XE|OKC|SAT
XE|OKC|SLC
XE|OKC|SMF
XE|OKC|TUL
XE|OMA|CLE
XE|OMA|COS
XE|OMA|EWR
XE|OMA|IAH
XE|OMA|ONT
XE|OMA|SAN
XE|OMA|SLC
XE|OMA|TUS
XE|ONT|ABQ
XE|ONT|AUS
XE|ONT|BOI
XE|ONT|COS
XE|ONT|ELP
XE|ONT|FAT
XE|ONT|GEG
XE|ONT|MCI
XE|ONT|MRY
XE|ONT|OKC
XE|ONT|OMA
XE|ONT|RNO
XE|ONT|SAN
XE|ONT|SAT
XE|ONT|SLC
XE|ONT|SMF
XE|ONT|TUL
XE|ONT|TUS
XE|ORD|CLE
XE|ORD|EWR
XE|ORD|IAH
XE|ORF|CLE
XE|ORF|EWR
XE|ORF|IAH
XE|PBI|CLE
XE|PBI|IAH
XE|PDX|LAX
XE|PDX|SLC
XE|PHL|CLE
XE|PHL|EWR
XE|PHX|IAH
XE|PHX|LAX
XE|PHX|SLC
XE|PIT|EWR
XE|PIT|IAD
XE|PIT|IAH
XE|PNS|IAH
XE|PSP|IAH
XE|PUB|COS
XE|PVD|CLE
XE|PVD|EWR
XE|PWM|CLE
XE|PWM|EWR
XE|RDU|BHM
XE|RDU|CLE
XE|RDU|EWR
XE|RDU|IAH
XE|RDU|JAX
XE|RDU|MCI
XE|RDU|MSY
XE|RDU|SAT
XE|RIC|CLE
XE|RIC|EWR
XE|RIC|IAH
XE|RNO|GEG
XE|RNO|LAX
XE|RNO|LGB
XE|RNO|ONT
XE|RNO|TUS
XE|ROC|CLE
XE|ROC|EWR
XE|RSW|CLE
XE|RSW|IAH
XE|SAN|ABQ
XE|SAN|BFL
XE|SAN|BOI
XE|SAN|COS
XE|SAN|FAT
XE|SAN|GEG
XE|SAN|MRY
XE|SAN|OKC
XE|SAN|OMA
XE|SAN|ONT
XE|SAN|TUL
XE|SAT|ABQ
XE|SAT|AUS
XE|SAT|CLE
XE|SAT|IAH
XE|SAT|MSY
XE|SAT|OKC
XE|SAT|ONT
XE|SAT|RDU
XE|SAT|SMF
XE|SAT|TUL
XE|SAT|TUS
XE|SAV|CLE
XE|SAV|EWR
XE|SAV|IAD
XE|SAV|IAH
XE|SAV|JAX
XE|SDF|CLE
XE|SDF|EWR
XE|SDF|IAH
XE|SEA|LAX
XE|SEA|SLC
XE|SFO|LAX
XE|SHV|IAH
XE|SJC|LAX
XE|SLC|ABQ
XE|SLC|BOI
XE|SLC|DEN
XE|SLC|EUG
XE|SLC|FAT
XE|SLC|GEG
XE|SLC|IAH
XE|SLC|IDA
XE|SLC|LAS
XE|SLC|LAX
XE|SLC|MCI
XE|SLC|OKC
XE|SLC|OMA
XE|SLC|ONT
XE|SLC|PDX
XE|SLC|PHX
XE|SLC|SEA
XE|SMF|ABQ
XE|SMF|BFL
XE|SMF|COS
XE|SMF|GEG
XE|SMF|LAX
XE|SMF|OKC
XE|SMF|SAT
XE|SMF|TUL
XE|SMF|TUS
XE|SRQ|CLE
XE|SRQ|IAH
XE|STL|CLE
XE|STL|EWR
XE|STL|IAH
XE|SYR|CLE
XE|SYR|EWR
XE|TLH|IAH
XE|TPA|CLE
XE|TPA|EWR
XE|TPA|IAH
XE|TUL|ABQ
XE|TUL|AUS
XE|TUL|EWR
XE|TUL|IAH
XE|TUL|MCI
XE|TUL|OMA
XE|TUL|ONT
XE|TUL|SAN
XE|TUL|SAT
XE|TUL|SMF
XE|TUS|AUS
XE|TUS|ELP
XE|TUS|GEG
XE|TUS|IAH
XE|TUS|LAX
XE|TUS|MCI
XE|TUS|OMA
XE|TUS|ONT
XE|TUS|RNO
XE|TUS|SAT
XE|TUS|SMF
XE|TYS|CLE
XE|TYS|EWR
XE|TYS|IAH
XE|VPS|IAH
XE|XNA|EWR
XE|XNA|IAH
YV|ABE|CLT
YV|ABE|ORD
YV|ABQ|PHX
YV|AGS|CLT
YV|ALB|CLT
YV|ASE|DEN
YV|ASE|PHX
YV|ATL|CLT
YV|ATL|DEN
YV|ATL|IAD
YV|ATL|ORD
YV|ATW|ORD
YV|AUS|CLT
YV|AUS|DEN
YV|AUS|IAD
YV|AUS|LAS
YV|AUS|ORD
YV|AUS|PHX
YV|AVP|ORD
YV|BDL|CLT
YV|BDL|IAD
YV|BDL|ORD
YV|BFL|LAS
YV|BFL|PHX
YV|BHM|CLT
YV|BHM|IAD
YV|BHM|ORD
YV|BMI|ORD
YV|BNA|CLT
YV|BNA|IAD
YV|BNA|ORD
YV|BOS|IAD
YV|BTV|IAD
YV|BUF|CLT
YV|BUF|IAD
YV|BUF|ORD
YV|BUR|LAS
YV|BUR|PHX
YV|BWI|CLT
YV|CAE|IAD
YV|CAE|ORD
YV|CAK|ORD
YV|CHS|CLT
YV|CHS|IAD
YV|CHS|ORD
YV|CID|DEN
YV|CID|ORD
YV|CLD|PHX
YV|CLE|CLT
YV|CLE|IAD
YV|CLE|ORD
YV|CLT|ABE
YV|CLT|AGS
YV|CLT|ALB
YV|CLT|ATL
YV|CLT|AUS
YV|CLT|BDL
YV|CLT|BHM
YV|CLT|BNA
YV|CLT|BUF
YV|CLT|BWI
YV|CLT|CHS
YV|CLT|CLE
YV|CLT|CMH
YV|CLT|DFW
YV|CLT|DTW
YV|CLT|EWR
YV|CLT|FAY
YV|CLT|GSO
YV|CLT|HSV
YV|CLT|IAD
YV|CLT|IAH
YV|CLT|ILM
YV|CLT|IND
YV|CLT|JAX
YV|CLT|JFK
YV|CLT|LIT
YV|CLT|MCI
YV|CLT|MDT
YV|CLT|MEM
YV|CLT|MHT
YV|CLT|MKE
YV|CLT|MSY
YV|CLT|MYR
YV|CLT|OAJ
YV|CLT|ORD
YV|CLT|ORF
YV|CLT|PIT
YV|CLT|PNS
YV|CLT|PVD
YV|CLT|PWM
YV|CLT|RDU
YV|CLT|RIC
YV|CLT|ROC
YV|CLT|SAT
YV|CLT|SAV
YV|CLT|SDF
YV|CLT|SRQ
YV|CLT|STL
YV|CLT|SYR
YV|CLT|TLH
YV|CLT|TRI
YV|CMH|CLT
YV|COD|DEN
YV|COS|DEN
YV|COS|LAS
YV|COS|ORD
YV|COS|PHX
YV|CPR|DEN
YV|CWA|ORD
YV|DAY|IAD
YV|DAY|ORD
YV|DEN|ASE
YV|DEN|ATL
YV|DEN|AUS
YV|DEN|CID
YV|DEN|COD
YV|DEN|COS
YV|DEN|CPR
YV|DEN|DRO
YV|DEN|DTW
YV|DEN|EGE
YV|DEN|GCC
YV|DEN|GJT
YV|DEN|GUC
YV|DEN|HDN
YV|DEN|IAH
YV|DEN|JAC
YV|DEN|MCI
YV|DEN|MLI
YV|DEN|MSN
YV|DEN|MTJ
YV|DEN|PHX
YV|DEN|PIT
YV|DEN|RAP
YV|DEN|RKS
YV|DEN|SAT
YV|DFW|CLT
YV|DFW|PHX
YV|DRO|DEN
YV|DRO|PHX
YV|DSM|DEN
YV|DSM|ORD
YV|DSM|PHX
YV|DTW|CLT
YV|DTW|DEN
YV|DTW|IAD
YV|DTW|ORD
YV|EGE|DEN
YV|ELP|LAS
YV|ELP|PHX
YV|EUG|LAS
YV|EUG|PHX
YV|EWR|CLT
YV|EWR|IAD
YV|EWR|ORD
YV|FAT|LAS
YV|FAT|PHX
YV|FAY|CLT
YV|FLG|PHX
YV|FSD|ORD
YV|FWA|ORD
YV|GCC|DEN
YV|GEG|PHX
YV|GJT|DEN
YV|GJT|PHX
YV|GRB|ORD
YV|GRR|ORD
YV|GSO|CLT
YV|GSO|IAD
YV|GSO|ORD
YV|GSP|IAD
YV|GSP|ORD
YV|GUC|DEN
YV|HDN|DEN
YV|HNL|ITO
YV|HNL|KOA
YV|HNL|LIH
YV|HNL|OGG
YV|HSV|CLT
YV|HSV|IAD
YV|IAD|ATL
YV|IAD|AUS
YV|IAD|BDL
YV|IAD|BHM
YV|IAD|BNA
YV|IAD|BOS
YV|IAD|BTV
YV|IAD|BUF
YV|IAD|CAE
YV|IAD|CHS
YV|IAD|CLE
YV|IAD|CLT
YV|IAD|DAY
YV|IAD|DTW
YV|IAD|EWR
YV|IAD|GSO
YV|IAD|GSP
YV|IAD|HSV
YV|IAD|IAH
YV|IAD|JAX
YV|IAD|JFK
YV|IAD|LGA
YV|IAD|MCI
YV|IAD|MDT
YV|IAD|MHT
YV|IAD|MYR
YV|IAD|OKC
YV|IAD|ORF
YV|IAD|PHL
YV|IAD|PIT
YV|IAD|PVD
YV|IAD|PWM
YV|IAD|RDU
YV|IAD|ROA
YV|IAD|ROC
YV|IAD|SAT
YV|IAD|SAV
YV|IAD|SPI
YV|IAD|SYR
YV|IAD|TYS
YV|IAH|CLT
YV|IAH|DEN
YV|IAH|IAD
YV|IAH|ORD
YV|IAH|PHX
YV|ICT|PHX
YV|ILM|CLT
YV|IND|CLT
YV|ITO|HNL
YV|JAC|DEN
YV|JAX|CLT
YV|JAX|IAD
YV|JAX|ORD
YV|JFK|CLT
YV|JFK|IAD
YV|KOA|HNL
YV|LAN|ORD
YV|LAS|AUS
YV|LAS|BFL
YV|LAS|BUR
YV|LAS|COS
YV|LAS|ELP
YV|LAS|EUG
YV|LAS|FAT
YV|LAS|LAX
YV|LAS|MFR
YV|LAS|MRY
YV|LAS|OAK
YV|LAS|OKC
YV|LAS|ONT
YV|LAS|PHX
YV|LAS|PSP
YV|LAS|RNO
YV|LAS|SAN
YV|LAS|SAT
YV|LAS|SBA
YV|LAS|SBP
YV|LAS|SJC
YV|LAS|SLC
YV|LAS|SMF
YV|LAS|TUS
YV|LAS|YUM
YV|LAX|LAS
YV|LAX|PHX
YV|LGA|IAD
YV|LGB|PHX
YV|LIH|HNL
YV|LIT|CLT
YV|MBS|ORD
YV|MCI|CLT
YV|MCI|DEN
YV|MCI|IAD
YV|MCI|ORD
YV|MCI|PHX
YV|MDT|CLT
YV|MDT|IAD
YV|MDT|ORD
YV|MEM|CLT
YV|MEM|PHX
YV|MFR|LAS
YV|MFR|PHX
YV|MHT|CLT
YV|MHT|IAD
YV|MHT|ORD
YV|MKE|CLT
YV|MKE|ORD
YV|MLI|ORD
YV|MRY|LAS
YV|MRY|PHX
YV|MSN|DEN
YV|MSN|ORD
YV|MSP|CLT
YV|MSY|CLT
YV|MTJ|DEN
YV|MYR|CLT
YV|MYR|IAD
YV|OAJ|CLT
YV|OAK|PHX
YV|OGG|HNL
YV|OKC|IAD
YV|OKC|LAS
YV|OKC|ORD
YV|OKC|PHX
YV|OMA|PHX
YV|ONT|LAS
YV|ONT|PHX
YV|ORD|ABE
YV|ORD|ATL
YV|ORD|ATW
YV|ORD|AUS
YV|ORD|AVP
YV|ORD|BDL
YV|ORD|BHM
YV|ORD|BMI
YV|ORD|BNA
YV|ORD|BUF
YV|ORD|CAE
YV|ORD|CAK
YV|ORD|CHS
YV|ORD|CID
YV|ORD|CLE
YV|ORD|CLT
YV|ORD|COS
YV|ORD|CWA
YV|ORD|DAY
YV|ORD|DSM
YV|ORD|DTW
YV|ORD|EWR
YV|ORD|FSD
YV|ORD|FWA
YV|ORD|GRB
YV|ORD|GRR
YV|ORD|GSO
YV|ORD|GSP
YV|ORD|IAH
YV|ORD|JAX
YV|ORD|LAN
YV|ORD|MBS
YV|ORD|MCI
YV|ORD|MDT
YV|ORD|MHT
YV|ORD|MKE
YV|ORD|MLI
YV|ORD|MSN
YV|ORD|OKC
YV|ORD|ORF
YV|ORD|PIT
YV|ORD|PWM
YV|ORD|RDU
YV|ORD|ROA
YV|ORD|ROC
YV|ORD|SAT
YV|ORD|SAV
YV|ORD|SBN
YV|ORD|SPI
YV|ORD|SYR
YV|ORD|TVC
YV|ORD|TYS
YV|ORF|CLT
YV|ORF|IAD
YV|ORF|ORD
YV|PHL|IAD
YV|PHX|ABQ
YV|PHX|ASE
YV|PHX|AUS
YV|PHX|BFL
YV|PHX|BUR
YV|PHX|CLD
YV|PHX|COS
YV|PHX|DEN
YV|PHX|DFW
YV|PHX|DRO
YV|PHX|DSM
YV|PHX|ELP
YV|PHX|EUG
YV|PHX|FAT
YV|PHX|FLG
YV|PHX|GEG
YV|PHX|GJT
YV|PHX|IAH
YV|PHX|ICT
YV|PHX|LAS
YV|PHX|LAX
YV|PHX|LGB
YV|PHX|MCI
YV|PHX|MEM
YV|PHX|MFR
YV|PHX|MRY
YV|PHX|OAK
YV|PHX|OKC
YV|PHX|OMA
YV|PHX|ONT
YV|PHX|PSP
YV|PHX|RNO
YV|PHX|SAN
YV|PHX|SAT
YV|PHX|SBA
YV|PHX|SBP
YV|PHX|SLC
YV|PHX|SNA
YV|PHX|TEX
YV|PHX|TUS
YV|PHX|YUM
YV|PIT|CLT
YV|PIT|DEN
YV|PIT|IAD
YV|PIT|ORD
YV|PNS|CLT
YV|PSP|LAS
YV|PSP|PHX
YV|PVD|CLT
YV|PVD|IAD
YV|PWM|CLT
YV|PWM|IAD
YV|PWM|ORD
YV|RAP|DEN
YV|RDU|CLT
YV|RDU|IAD
YV|RDU|ORD
YV|RIC|CLT
YV|RKS|DEN
YV|RNO|LAS
YV|RNO|PHX
YV|ROA|IAD
YV|ROA|ORD
YV|ROC|CLT
YV|ROC|IAD
YV|ROC|ORD
YV|SAN|LAS
YV|SAN|PHX
YV|SAT|CLT
YV|SAT|DEN
YV|SAT|IAD
YV|SAT|LAS
YV|SAT|ORD
YV|SAT|PHX
YV|SAV|CLT
YV|SAV|IAD
YV|SAV|ORD
YV|SBA|LAS
YV|SBA|PHX
YV|SBN|ORD
YV|SBP|LAS
YV|SBP|PHX
YV|SDF|CLT
YV|SJC|LAS
YV|SJC|PHX
YV|SLC|LAS
YV|SLC|PHX
YV|SMF|LAS
YV|SNA|PHX
YV|SPI|IAD
YV|SPI|ORD
YV|SRQ|CLT
YV|STL|CLT
YV|SYR|CLT
YV|SYR|IAD
YV|SYR|ORD
YV|TEX|PHX
YV|TLH|CLT
YV|TRI|CLT
YV|TUS|LAS
YV|TUS|PHX
YV|TVC|DEN
YV|TVC|ORD
YV|TYS|IAD
YV|TYS|ORD
YV|YUM|LAS
YV|YUM|PHX
